Book Id,Title,Author,Author l-f,Additional Authors,ISBN,ISBN13,My Rating,Average Rating,Publisher,Binding,Number of Pages,Year Published,Original Publication Year,Date Read,Date Added,Bookshelves,Bookshelves with positions,Exclusive Shelf,My Review,Spoiler,Private Notes,Read Count,Recommended For,Recommended By,Owned Copies,Original Purchase Date,Original Purchase Location,Condition,Condition Description,BCID
13895,"The Fires of Heaven (The Wheel of Time, #5)",Robert Jordan,"Jordan, Robert",,"=""1857232097""","=""9781857232097""",0,4.16,Orbit,Paperback,912,1994,1993,,2021/09/13,currently-reading,currently-reading (#3),currently-reading,,,,1,,,0,,,,,
561456,"The Titan's Curse (Percy Jackson and the Olympians, #3)",Rick Riordan,"Riordan, Rick",Cẩm Chi,"=""0141382899""","=""9780141382890""",0,4.35,Puffin Books,Paperback,320,2007,2007,,2022/01/04,currently-reading,currently-reading (#2),currently-reading,,,,1,,,0,,,,,
28186,"The Sea of Monsters (Percy Jackson and the Olympians, #2)",Rick Riordan,"Riordan, Rick",,"=""0786856866""","=""9780786856862""",3,4.24,Hyperion Books,Hardcover,279,2006,2006,2022/01/04,2022/01/01,,,read,,,,1,,,0,,,,,
26530355,Misbehaving: The Making of Behavioral Economics,Richard H. Thaler,"Thaler, Richard H.",,"=""039335279X""","=""9780393352795""",3,4.16,W. W. Norton  Company,Paperback,358,2016,2016,2021/12/16,2018/04/29,,,read,,,,1,,,0,,,,,
55829194,The Final Girl Support Group,Grady Hendrix,"Hendrix, Grady",,"=""059320123X""","=""9780593201237""",0,3.64,Berkley Books,Hardcover,352,2021,2021,,2021/12/14,to-read,to-read (#36),to-read,,,,0,,,0,,,,,
18043011,Clean Architecture,Robert C. Martin,"Martin, Robert C.",,"=""0134494164""","=""9780134494166""",0,4.24,Prentice Hall,Paperback,432,2017,2017,,2021/12/11,currently-reading,currently-reading (#1),currently-reading,,,,1,,,0,,,,,
57751906,"Rebel's Creed (Lawful Times, #2)",Daniel B. Greene,"Greene, Daniel B.",,"=""""","=""""",3,3.60,Fantasy News,Kindle Edition,263,2021,2021,2021/12/07,2021/09/23,,,read,,,,1,,,0,,,,,
21,A Short History of Nearly Everything,Bill Bryson,"Bryson, Bill",,"=""076790818X""","=""9780767908184""",3,4.19,Crown Publishing Group (NY),Paperback,544,2004,2003,2021/11/14,2019/01/06,,,read,,,,1,,,0,,,,,
28187,"The Lightning Thief (Percy Jackson and the Olympians, #1)",Rick Riordan,"Riordan, Rick",,"=""""","=""""",3,4.28,Disney Hyperion Books,Paperback,377,2006,2005,2021/11/05,2021/10/28,,,read,,,,1,,,0,,,,,
27224576,Vai lá e faz,Tiago Mattos,"Mattos, Tiago",,"=""""","=""""",4,4.29,,Paperback,505,2015,,2020/08/26,2020/08/26,,,read,,,,1,,,0,,,,,
460635,The Bone People,Keri Hulme,"Hulme, Keri",,"=""0140089225""","=""9780140089226""",0,4.05,Penguin Books,Paperback,450,1986,1984,,2021/10/28,to-read,to-read (#35),to-read,,,,0,,,0,,,,,
9539,"The Shadow Rising (The Wheel of Time, #4)",Robert Jordan,"Jordan, Robert",,"=""0812513738""","=""9780812513738""",4,4.25,Tom Doherty Tor Fantasy,Mass Market Paperback,1007,1993,1992,2021/10/28,2021/09/13,,,read,,,,1,,,0,,,,,
12617,Manufacturing Consent: The Political Economy of the Mass Media,Edward S. Herman,"Herman, Edward S.",Noam Chomsky,"=""0375714499""","=""9780375714498""",0,4.25,Pantheon,Paperback,412,2002,1988,2021/09/28,2019/07/05,,,read,,,,1,,,0,,,,,
2657,To Kill a Mockingbird,Harper Lee,"Lee, Harper",,"=""""","=""""",4,4.27,Harper Perennial Modern Classics ,Paperback,336,2006,1960,2021/09/28,2018/02/21,,,read,,,,2,,,0,,,,,
140671,"The Black Company (The Chronicles of the Black Company, #1)",Glen Cook,"Cook, Glen",,"=""""","=""""",0,3.91,Tor Fantasy,Mass Market Paperback,319,1992,1984,,2021/09/25,to-read,to-read (#34),to-read,,,,0,,,0,,,,,
25490360,The Burnout Society,Byung-Chul Han,"Han, Byung-Chul",Erik Butler,"=""0804795096""","=""9780804795098""",4,3.95,Stanford Briefs,Paperback,60,2015,2010,2021/09/25,2021/09/13,,,read,,,,1,,,0,,,,,
34651610,Utopía para realistas,Rutger Bregman,"Bregman, Rutger",Javier Guerrero,"=""849838799X""","=""9788498387995""",4,4.24,Salamandra,Paperback,304,2017,2014,,2021/09/13,,,read,,,,1,,,0,,,,,
32620332,The Seven Husbands of Evelyn Hugo,Taylor Jenkins Reid,"Reid, Taylor Jenkins",,"=""1501139231""","=""9781501139239""",5,4.47,Atria Books,Hardcover,389,2017,2017,2021/07/16,2021/07/09,,,read,,,,1,,,0,,,,,
7743175,"A Memory of Light (The Wheel of Time, #14)",Robert Jordan,"Jordan, Robert",Brandon Sanderson,"=""0765325950""","=""9780765325952""",0,4.51,Tor Books,Hardcover,912,2013,2013,,2021/09/13,to-read,to-read (#33),to-read,,,,0,,,0,,,,,
8253920,"Towers of Midnight (The Wheel of Time, #13)",Robert Jordan,"Jordan, Robert",Brandon Sanderson,"=""0765325942""","=""9780765325945""",0,4.43,Tom Doherty Associates TOR Fantasy,Hardcover,863,2010,2010,,2021/09/13,to-read,to-read (#32),to-read,,,,0,,,0,,,,,
13888,"Knife of Dreams (The Wheel of Time, #11)",Robert Jordan,"Jordan, Robert",,"=""0812577566""","=""9780812577563""",0,4.15,Tom Doherty Associates,Mass Market Paperback,860,2006,2005,,2021/09/13,to-read,to-read (#31),to-read,,,,0,,,0,,,,,
113435,"Crossroads of Twilight (The Wheel of Time, #10)",Robert Jordan,"Jordan, Robert",,"=""0312864590""","=""9780312864590""",0,3.80,Tor Books,Hardcover,704,2003,2003,,2021/09/13,to-read,to-read (#30),to-read,,,,0,,,0,,,,,
13891,"Winter's Heart (The Wheel of Time, #9)",Robert Jordan,"Jordan, Robert",,"=""081257558X""","=""9780812575583""",0,3.94,Tor Fantasy,Mass Market Paperback,780,2002,2000,,2021/09/13,to-read,to-read (#29),to-read,,,,0,,,0,,,,,
140974,"The Path of Daggers (The Wheel of Time, #8)",Robert Jordan,"Jordan, Robert",,"=""0812550293""","=""9780812550290""",0,3.91,Tor Books,Mass Market Paperback,685,1999,1998,,2021/09/13,to-read,to-read (#28),to-read,,,,0,,,0,,,,,
13890,"A Crown of Swords (The Wheel of Time, #7)",Robert Jordan,"Jordan, Robert",,"=""0812550285""","=""9780812550283""",0,4.04,Tor Books,Mass Market Paperback,880,1997,1996,,2021/09/13,to-read,to-read (#27),to-read,,,,0,,,0,,,,,
1166599,"The Gathering Storm (The Wheel of Time, #12)",Robert Jordan,"Jordan, Robert",Brandon Sanderson,"=""0765302306""","=""9780765302304""",0,4.37,Tor Books,Hardcover,783,2009,2009,,2021/09/13,to-read,to-read (#26),to-read,,,,0,,,0,,,,,
35231,"Lord of Chaos (The Wheel of Time, #6)",Robert Jordan,"Jordan, Robert",,"=""0812513754""","=""9780812513752""",0,4.14,Tor Books,Mass Market Paperback,1011,1995,1994,,2021/09/13,to-read,to-read (#25),to-read,,,,0,,,0,,,,,
5107,The Catcher in the Rye,J.D. Salinger,"Salinger, J.D.",,"=""0316769177""","=""9780316769174""",2,3.81,Back Bay Books,Paperback,277,2001,1951,2021/09/13,2018/02/20,,,read,,,,1,,,0,,,,,
34897,"The Dragon Reborn (The Wheel of Time, #3)",Robert Jordan,"Jordan, Robert",,"=""0765305119""","=""9780765305114""",4,4.26,Tor Books,Mass Market Paperback,624,2002,1991,2021/09/08,2021/06/11,,,read,,,,1,,,0,,,,,
55404546,Malibu Rising,Taylor Jenkins Reid,"Reid, Taylor Jenkins",,"=""""","=""""",4,4.10,Ballantine Books,Hardcover,369,2021,2021,,2021/07/25,,,read,,,,1,,,0,,,,,
43587154,"Jade City (The Green Bone Saga, #1)",Fonda Lee,"Lee, Fonda",,"=""0316440884""","=""9780316440882""",0,4.11,Orbit,Paperback,560,2018,2017,,2021/08/08,to-read,to-read (#24),to-read,,,,0,,,0,,,,,
7235533,"The Way of Kings (The Stormlight Archive, #1)",Brandon Sanderson,"Sanderson, Brandon",,"=""0765326353""","=""9780765326355""",4,4.62,Tor Books,Hardcover,1007,2010,2010,2021/07/27,2020/11/07,,,read,,,,2,,,0,,,,,
35959740,Circe,Madeline Miller,"Miller, Madeline",,"=""0316556343""","=""9780316556347""",4,4.26,"Little, Brown and Company",Hardcover,393,2018,2018,2021/07/11,2021/05/29,,,read,,,,1,,,0,,,,,
4898,Blue Ocean Strategy: How to Create Uncontested Market Space and Make the Competition Irrelevant,W. Chan Kim,"Kim, W. Chan",Renée Mauborgne,"=""1591396190""","=""9781591396192""",3,3.98,Harvard Business Review Press,Hardcover,240,2005,1994,2021/07/03,2021/07/03,,,read,,,,1,,,0,,,,,
42100305,O caminho do artista,Julia Cameron,"Cameron, Julia",Leila Couceiro,"=""8543105544""","=""9788543105543""",3,3.92,Sextante,Paperback,272,2017,1992,2021/06/13,2021/06/11,,,read,,,,1,,,0,,,,,
233649,"The Great Hunt (The Wheel of Time, #2)",Robert Jordan,"Jordan, Robert",,"=""0812517725""","=""9780812517729""",3,4.24,Tor Books,Mass Market Paperback,705,1991,1990,2021/06/10,2021/01/29,,,read,,,,1,,,0,,,,,
46008420,Endgame (Killing Eve #3),Luke Jennings,"Jennings, Luke",,"=""1529351510""","=""9781529351514""",2,3.63,John Murray,Hardcover,256,2020,2020,2021/05/31,2021/05/27,,,read,,,,1,,,0,,,,,
39321542,"No Tomorrow (Killing Eve, #2)",Luke Jennings,"Jennings, Luke",,"=""""","=""""",3,4.06,John Murray,Kindle Edition,256,2018,2018,2021/05/29,2021/05/27,,,read,,,,1,,,0,,,,,
36546651,"Codename Villanelle (Killing Eve, #1)",Luke Jennings,"Jennings, Luke",,"=""0316512524""","=""9780316512527""",4,3.58,Mulholland Books,Hardcover,220,2018,2017,2021/05/23,2021/05/23,,,read,,,,1,,,0,,,,,
40121378,Atomic Habits: An Easy & Proven Way to Build Good Habits & Break Bad Ones,James Clear,"Clear, James",,"=""""","=""""",3,4.37,Avery,Kindle Edition,319,2018,2018,,2018/11/07,,,read,,,,1,,,0,,,,,
11250317,The Song of Achilles,Madeline Miller,"Miller, Madeline",David Thorpe,"=""1408816032""","=""9781408816035""",4,4.41,Bloomsbury Publishing,Hardcover,352,2011,2011,2021/04/24,2020/12/06,,,read,,,,1,,,0,,,,,
56663640,"Breach of Peace (Lawful Times, #1)",Daniel B. Greene,"Greene, Daniel B.",,"=""""","=""9780578840789""",4,3.61,,ebook,98,2021,2021,,2021/04/17,,,read,,,,2,,,0,,,,,
29044,The Secret History,Donna Tartt,"Tartt, Donna",,"=""1400031702""","=""9781400031702""",3,4.13,Vintage,Paperback,559,2004,1992,2021/04/12,2019/01/11,,,read,,,,1,,,0,,,,,
91477,"Fool Moon (The Dresden Files, #2)",Jim Butcher,"Butcher, Jim",,"=""0451458125""","=""9780451458124""",3,3.99,Roc,Mass Market Paperback,401,2001,2001,2021/04/11,2021/03/10,,,read,,,,1,,,0,,,,,
47212,"Storm Front (The Dresden Files, #1)",Jim Butcher,"Butcher, Jim",,"=""0451457811""","=""9780451457813""",3,3.98,Penguin ROC,Mass Market Paperback,355,2000,2000,2021/03/11,2017/12/31,,,read,,,,1,,,0,,,,,
6918930,Confessions of a Public Speaker,Scott Berkun,"Berkun, Scott",,"=""0596801998""","=""9780596801991""",3,3.92,O'Reilly Media,Hardcover,240,2009,2009,2021/02/14,2017/12/31,,,read,,,,1,,,0,,,,,
52773081,"Write Compelling Fiction: Tips, Tricks, & Hints with Examples to Strengthen Your Prose (Successful Indie Author Book 4)",L.J. Martin,"Martin, L.J.",Craig Martelle,"=""""","=""""",2,4.06,Wolfpack Publishing,Kindle Edition,187,2019,2008,2021/02/01,2021/02/01,,,read,,,,1,,,0,,,,,
228665,"The Eye of the World (The Wheel of Time, #1)",Robert Jordan,"Jordan, Robert",,"=""0812511816""","=""9780812511819""",3,4.18,Tor Books,Mass Market Paperback,814,1990,1990,2021/01/29,2017/12/31,,,read,,,,1,,,0,,,,,
1268479,"Warbreaker (Warbreaker, #1)",Brandon Sanderson,"Sanderson, Brandon",,"=""""","=""""",3,4.28,Self-published,ebook,688,2009,2009,2021/01/25,2020/11/21,,,read,,,,1,,,0,,,,,
52033836,"War Lord (Saxon Stories, #13)",Bernard Cornwell,"Cornwell, Bernard",,"=""0008183953""","=""9780008183950""",4,4.62,HarperCollins,Hardcover,333,2020,2020,2020/12/13,2020/10/15,,,read,,,,1,,,0,,,,,
26156469,Never Split the Difference: Negotiating As If Your Life Depended On It,Chris Voss,"Voss, Chris",Tahl Raz,"=""0062407805""","=""9780062407801""",4,4.37,Harper Business,Hardcover,274,2016,2016,2020/12/05,2020/01/30,,,read,,,,1,,,0,,,,,
2767793,"The Hero of Ages (Mistborn, #3)",Brandon Sanderson,"Sanderson, Brandon",,"=""0765316897""","=""9780765316899""",4,4.49,Tor Books,Hardcover,572,2008,2008,2020/11/20,2020/11/10,,,read,,,,1,,,0,,,,,
48727813,"She Who Became the Sun (The Radiant Emperor, #1)",Shelley Parker-Chan,"Parker-Chan, Shelley",,"=""""","=""""",0,4.00,Tor Books,Kindle Edition,416,2021,2021,,2020/11/17,to-read,to-read (#23),to-read,,,,0,,,0,,,,,
68429,"The Well of Ascension (Mistborn, #2)",Brandon Sanderson,"Sanderson, Brandon",,"=""0765316889""","=""9780765316882""",4,4.36,Tor Books,Hardcover,590,2007,2007,2020/11/10,2020/10/12,,,read,,,,1,,,0,,,,,
68428,"The Final Empire (Mistborn, #1)",Brandon Sanderson,"Sanderson, Brandon",,"=""""","=""9780765311788""",4,4.45,Tor Books,Hardcover,541,2006,2006,2020/10/13,2020/10/03,,,read,,,,1,,,0,,,,,
44056482,"Sword of Kings (The Saxon Stories, #12)",Bernard Cornwell,"Cornwell, Bernard",,"=""""","=""""",0,4.43,Harper,Kindle Edition,349,2019,2019,2020/09/26,2020/09/11,,,read,,,,1,,,0,,,,,
37819082,"War of the Wolf (The Saxon Stories, #11)",Bernard Cornwell,"Cornwell, Bernard",,"=""006256319X""","=""9780062563194""",3,4.36,Harper,ebook,352,2018,2018,2020/09/15,2018/09/20,,,read,,,,1,,,0,,,,,
40597810,Daisy Jones & The Six,Taylor Jenkins Reid,"Reid, Taylor Jenkins","Jennifer Beals, Benjamin Bratt, Judy Greer, Pablo Schreiber","=""1524798622""","=""9781524798628""",4,4.23,Ballantine Books,Hardcover,355,2019,2019,2020/09/10,2019/09/10,,,read,,,,1,,,0,,,,,
30841984,"Kings of the Wyld (The Band, #1)",Nicholas Eames,"Eames, Nicholas",,"=""0316362476""","=""9780316362474""",0,4.29,Orbit,Paperback,502,2017,2017,,2020/08/30,to-read,to-read (#22),to-read,,,,0,,,0,,,,,
2315892,Best Served Cold,Joe Abercrombie,"Abercrombie, Joe",,"=""0575082453""","=""9780575082458""",2,4.18,Gollancz,Hardcover,534,2009,2009,2020/06/13,2020/03/19,,,read,,,,1,,,0,,,,,
49902802,Este Livro Não Vai Te Deixar Rico,Startup da Real,"Real, Startup da",,"=""8542217527""","=""9788542217520""",4,4.36,Planeta Estratégia,Paperback,240,,2018,2020/03/15,2020/03/19,,,read,,,,1,,,0,,,,,
4934,The Brothers Karamazov,Fyodor Dostoevsky,"Dostoevsky, Fyodor","Richard Pevear, Marta Rebón, Borut Kraševec, Larissa Volokhonsky, Fernando Otero, Marta Sánchez-Nieves","=""0374528373""","=""9780374528379""",0,4.33,"Farrar, Straus and Giroux",Paperback,796,2002,1879,,2020/02/23,to-read,to-read (#21),to-read,,,,0,,,0,,,,,
41217191,"Kill Six Billion Demons, Book 3: Seeker of Thrones",Tom Parkinson-Morgan,"Parkinson-Morgan, Tom",,"=""""","=""""",5,4.59,,ebook,147,2018,2018,,2018/10/13,,,read,,,,1,,,0,,,,,
37442,"Wicked: The Life and Times of the Wicked Witch of the West (The Wicked Years, #1)",Gregory Maguire,"Maguire, Gregory",Douglas Smith,"=""0060987103""","=""9780060987107""",5,3.54,William Morrow Paperbacks,Paperback,406,2000,1995,2018/04/22,2018/01/01,,,read,,,,2,,,0,,,,,
231804,The Outsiders,S.E. Hinton,"Hinton, S.E.",,"=""""","=""""",5,4.11,Puffin Books (US/CAN),Mass Market Paperback,192,1997,1967,2019/01/27,2018/02/20,,,read,,,,1,,,0,,,,,
31451186,Borne (Borne #1),Jeff VanderMeer,"VanderMeer, Jeff",,"=""0374115249""","=""9780374115241""",4,3.93,"MCD / Farrar, Straus and Giroux ",Hardcover,336,2017,2017,,2018/03/30,,,read,,,,1,,,0,,,,,
890,Of Mice and Men,John Steinbeck,"Steinbeck, John",,"=""0142000671""","=""9780142000670""",4,3.88,Penguin Books,Paperback,112,2002,1937,,2018/02/21,,,read,,,,1,,,0,,,,,
36576608,Flowers for Algernon,Daniel Keyes,"Keyes, Daniel",,"=""""","=""""",5,4.17,,Paperback,216,,1959,2019/06/18,2018/11/07,,,read,,,,1,,,0,,,,,
17934530,Annihilation,Jeff VanderMeer,"VanderMeer, Jeff",,"=""0374104093""","=""9780374104092""",5,3.73,"Farrar, Straus and Giroux",Paperback,195,2014,2014,2019/11/24,2019/10/18,,,read,,,,1,,,0,,,,,
16902,Walden,Henry David Thoreau,"Thoreau, Henry David",,"=""""","=""""",4,3.77,Princeton University Press,Paperback,352,2004,1854,2019/12/11,2019/12/01,,,read,,,,1,,,0,,,,,
5113684,A Lógica do Cisne Negro,Nassim Nicholas Taleb,"Taleb, Nassim Nicholas",,"=""""","=""9788576842125""",2,3.95,Best Seller,Hardcover,458,2008,2007,,2019/12/11,,,read,,,,1,,,0,,,,,
28876,"His Majesty's Dragon (Temeraire, #1)",Naomi Novik,"Novik, Naomi",,"=""0345481283""","=""9780345481283""",4,4.03,Del Rey,Mass Market Paperback,356,2006,2006,2019/12/01,2019/09/10,,,read,,,,1,,,0,,,,,
305597,"Voluntary Simplicity: Toward a Way of Life That is Outwardly Simple, Inwardly Rich",Duane Elgin,"Elgin, Duane",,"=""0688121195""","=""9780688121198""",3,3.61,Harper Paperbacks,Paperback,240,1998,1981,2019/11/27,2019/11/26,,,read,,,,1,,,0,,,,,
36072,The 7 Habits of Highly Effective People: Powerful Lessons in Personal Change,Stephen R. Covey,"Covey, Stephen R.",Jim Collins,"=""0743269519""","=""9780743269513""",4,4.14,Free Press,Paperback,372,2004,1988,,2017/12/31,,,read,,,,2,,,0,,,,,
368593,The 4-Hour Workweek,Timothy Ferriss,"Ferriss, Timothy",,"=""0307353133""","=""9780307353139""",4,3.91,Crown Business,ebook,308,2007,2007,,2019/11/23,,,read,,,,2,,,0,,,,,
61975,"Dragonflight (Dragonriders of Pern, #1)",Anne McCaffrey,"McCaffrey, Anne",,"=""0345484266""","=""9780345484260""",3,4.08,Del Rey,Paperback,299,2005,1968,2019/10/05,2019/09/10,,,read,,,,1,,,0,,,,,
43908,"Shadow of a Dark Queen (The Serpentwar Saga, #1)",Raymond E. Feist,"Feist, Raymond E.",,"=""0380720868""","=""9780380720866""",0,4.07,Avon Fantasy,Mass Market Paperback,497,1995,1994,,2019/10/05,to-read,to-read (#20),to-read,,,,0,,,0,,,,,
43917,"Rise of a Merchant Prince (The Serpentwar Saga, #2)",Raymond E. Feist,"Feist, Raymond E.",,"=""0006497012""","=""9780006497011""",0,4.07,Voyager,Paperback,479,1996,1995,,2019/10/05,to-read,to-read (#19),to-read,,,,0,,,0,,,,,
28257707,The Subtle Art of Not Giving a F*ck: A Counterintuitive Approach to Living a Good Life,Mark Manson,"Manson, Mark",,"=""""","=""""",2,3.92,Harper,ebook,224,2016,2016,2018/04/05,2018/04/04,,,read,,,,2,,,0,,,,,
8852,Macbeth,William Shakespeare,"Shakespeare, William",,"=""0743477103""","=""9780743477109""",4,3.90,Simon & Schuster,Paperback,249,2013,1606,2019/09/16,2018/02/21,,,read,,,,1,,,0,,,,,
35068705,"The Poppy War (The Poppy War, #1)",R.F. Kuang,"Kuang, R.F.",,"=""0062662597""","=""9780062662590""",0,4.09,Harper Voyager,ebook,531,2018,2018,,2019/09/10,to-read,to-read (#18),to-read,,,,0,,,0,,,,,
20723193,"PHP: The ""Right"" Way",Josh Lockhart,"Lockhart, Josh",Phil Sturgeon,"=""""","=""""",4,4.00,leanpub.com,ebook,46,2014,2014,2019/09/10,2019/08/23,,,read,,,,1,,,0,,,,,
28815,Influence: The Psychology of Persuasion,Robert B. Cialdini,"Cialdini, Robert B.",,"=""006124189X""","=""9780061241895""",4,4.19,Harper Business,Paperback,320,2006,1984,2019/08/24,2019/08/05,,,read,,,,1,,,0,,,,,
106835,The Intelligent Investor,Benjamin Graham,"Graham, Benjamin","Jason Zweig, Warren Buffett","=""0060555661""","=""9780060555665""",3,4.23,Harper Business,Paperback,623,2006,1949,2019/08/22,2019/07/12,,,read,,,,1,,,0,,,,,
37903770,Norse Mythology,Neil Gaiman,"Gaiman, Neil",,"=""""","=""""",4,4.09,W. W. Norton & Company,Paperback,301,2018,2017,2019/08/10,2019/08/05,,,read,,,,1,,,0,,,,,
30319086,If We Were Villains,M.L. Rio,"Rio, M.L.",,"=""125009528X""","=""9781250095282""",2,4.19,Flatiron Books,Hardcover,368,2017,2017,2019/08/05,2019/04/19,,,read,,,,1,,,0,,,,,
526132,Stigmata: Escaping Texts,Hélène Cixous,"Cixous, Hélène",,"=""0415179793""","=""9780415179799""",3,4.33,Routledge,Paperback,208,1998,1998,2019/07/05,2018/10/06,,,read,,,,1,,,0,,,,,
28862,The Prince,Niccolò Machiavelli,"Machiavelli, Niccolò","Rufus Goodwin, Benjamin Martinez","=""0937832383""","=""9780937832387""",3,3.82,Dante University of America Press,Paperback,140,2003,1532,2019/06/16,2019/06/16,,,read,,,,2,,,0,,,,,
3869,A Brief History of Time,Stephen Hawking,"Hawking, Stephen",,"=""0553380168""","=""9780553380163""",4,4.19,Bantam Books,Paperback,212,1998,1988,2019/06/03,2017/12/31,,,read,,,,1,,,0,,,,,
23419,The Consolations of Philosophy,Alain de Botton,"Botton, Alain de",,"=""""","=""""",3,4.01,Vintage,Paperback,265,2001,2000,,2018/10/07,,,read,,,,1,,,0,,,,,
295,Treasure Island,Robert Louis Stevenson,"Stevenson, Robert Louis",,"=""0753453800""","=""9780753453803""",4,3.84,Kingfisher,Hardcover,311,2001,1883,2019/06/03,2019/03/02,,,read,,,,1,,,0,,,,,
52036,Siddhartha,Hermann Hesse,"Hesse, Hermann",Hilda Rosner,"=""""","=""""",4,4.05,Bantam Books,Mass Market Paperback,152,1981,1922,,2018/02/21,,,read,,,,1,,,0,,,,,
37503118,The Road to React,Robin Wieruch,"Wieruch, Robin",,"=""""","=""""",4,4.23,,Kindle Edition,234,2017,,2019/04/28,2018/09/01,,,read,,,,1,,,0,,,,,
35397160,Finish: Give Yourself the Gift of Done,Jon Acuff,"Acuff, Jon",,"=""""","=""""",3,4.11,Portfolio,Kindle Edition,206,2017,2017,2019/04/23,2019/04/23,,,read,,,,1,,,0,,,,,
25520974,"Articulating Design Decisions: Communicate with Stakeholders, Keep Your Sanity, and Deliver the Best User Experience",Tom Greever,"Greever, Tom",,"=""1491921560""","=""9781491921562""",3,4.11,O'Reilly Media,Paperback,259,2015,2015,2019/04/22,2019/04/12,,,read,,,,1,,,0,,,,,
11468377,"Thinking, Fast and Slow",Daniel Kahneman,"Kahneman, Daniel",,"=""0374275637""","=""9780374275631""",3,4.17,"Farrar, Straus and Giroux",Hardcover,499,2011,2011,2019/04/12,2018/06/23,,,read,,,,1,,,0,,,,,
20168816,Rogues,George R.R. Martin,"Martin, George R.R.","Gardner Dozois, Joe Abercrombie, Gillian Flynn, Matthew Hughes, Joe R. Lansdale, Michael Swanwick, David  Ball, Carrie Vaughn, Scott Lynch, Bradley Denton, Cherie Priest, Daniel Abraham, Paul Cornell, Steven Saylor, Garth Nix, Walter Jon Williams, Phyllis Eisenstein, Lisa Tuttle, Neil Gaiman, Connie Willis, Patrick Rothfuss","=""0345537262""","=""9780345537263""",4,3.89,Bantam Books,Hardcover,806,2014,2014,,2017/12/31,,,read,,,,1,,,0,,,,,
11672159,The Dark Wife,Sarah Diemer,"Diemer, Sarah",,"=""1461179939""","=""9781461179931""",3,3.83,Createspace Independent Publishing Platform,Paperback,264,2011,2011,2019/03/28,2019/03/25,,,read,,,,1,,,0,,,,,
6324090,"Alice's Adventures in Wonderland (Alice's Adventures in Wonderland, #1)",Lewis Carroll,"Carroll, Lewis","Antoni Marianowicz, Παυλίνα Παμπούδη","=""""","=""""",4,3.99,Public Domain Books,Kindle Edition,96,1997,1865,,2019/03/07,,,read,,,,1,,,0,,,,,
7126,The Count of Monte Cristo,Alexandre Dumas,"Dumas, Alexandre","David Case, Robin Buss","=""0140449264""","=""9780140449266""",0,4.27,Penguin Classics,Paperback,1276,2003,1844,,2019/03/07,to-read,to-read (#17),to-read,,,,0,,,0,,,,,
29981,The Island of Dr. Moreau,H.G. Wells,"Wells, H.G.",Alan Lightman,"=""0553214322""","=""9780553214321""",4,3.73,Bantam Classics,Paperback,153,1999,1896,,2019/03/01,,,read,,,,1,,,0,,,,,
30659,Meditations,Marcus Aurelius,"Aurelius, Marcus","Martin Hammond, Albert Wittstock, عادل مصطفى, Simone Mooij-Valk, Diskin Clay","=""0140449337""","=""9780140449334""",4,4.23,Penguin Books,Paperback,303,2006,180,2019/02/11,2019/01/31,,,read,,,,1,,,0,,,,,
13079982,Fahrenheit 451,Ray Bradbury,"Bradbury, Ray",,"=""""","=""""",4,3.98,Simon & Schuster,Kindle Edition,194,2011,1953,,2019/02/06,,,read,,,,1,,,0,,,,,
1045017,The Discourses,Epictetus,"Epictetus, Epictetus",,"=""0460873121""","=""9780460873123""",4,4.25,Everyman ,Paperback,384,1995,108,,2019/01/31,,,read,,,,1,,,0,,,,,
60211,"The Shadow of the Torturer (The Book of the New Sun, #1)",Gene Wolfe,"Wolfe, Gene",,"=""0671540661""","=""9780671540661""",0,3.81,Pocket Books,Paperback,262,1984,1980,,2019/01/15,to-read,to-read (#16),to-read,,,,0,,,0,,,,,
15799400,The Resurrectionist: The Lost Work of Dr. Spencer Black,E.B. Hudspeth,"Hudspeth, E.B.",,"=""1594746168""","=""9781594746161""",4,3.57,Quirk Books,Hardcover,208,2013,2013,,2018/09/20,,,read,,,,2,,,0,,,,,
12609433,The Power of Habit: Why We Do What We Do in Life and Business,Charles Duhigg,"Duhigg, Charles",,"=""1400069289""","=""9781400069286""",4,4.12,Random House,Hardcover,375,2012,2012,,2017/12/31,favorites,favorites (#11),read,,,,1,,,0,,,,,
5129,Brave New World,Aldous Huxley,"Huxley, Aldous",,"=""0060929871""","=""9780060929879""",5,3.99,HarperPerennial / Perennial Classics,Paperback,268,1998,1932,,2017/12/31,favorites,favorites (#10),read,,,,1,,,0,,,,,
18045891,Sharp Objects,Gillian Flynn,"Flynn, Gillian",,"=""""","=""""",4,3.99,Broadway Paperbacks,Paperback,254,2006,2006,,2017/12/31,favorites,favorites (#9),read,,,,1,,,0,,,,,
127455,"The Lies of Locke Lamora (Gentleman Bastard, #1)",Scott Lynch,"Lynch, Scott",,"=""0553804677""","=""9780553804676""",5,4.27,Bantam Spectra,Hardcover,499,2006,2006,,2017/12/31,favorites,favorites (#8),read,,,,1,,,0,,,,,
13658,"The Other Wind (Earthsea Cycle, #6)",Ursula K. Le Guin,"Guin, Ursula K. Le",Samuel Roukin,"=""044101125X""","=""9780441011254""",3,4.15,Ace Books,Paperback,211,2003,2001,,2017/12/31,,,read,,,,1,,,0,,,,,
77013,As I Lay Dying,William Faulkner,"Faulkner, William",,"=""""","=""""",3,3.72,Vintage,Paperback,288,1991,1930,2019/01/06,2019/01/02,,,read,,,,2,,,0,,,,,
30075802,"The Princess Saves Herself in This One (Women Are Some Kind of Magic, #1)",Amanda Lovelace,"Lovelace, Amanda",,"=""1532913680""","=""9781532913686""",3,3.84,CreateSpace,Paperback,156,2016,2016,2018/12/30,2018/10/10,,,read,,,,2,,,0,,,,,
18521,A Room of One's Own,Virginia Woolf,"Woolf, Virginia",,"=""0141183535""","=""9780141183534""",4,4.19,Penguin Books,Paperback,112,2000,1929,2018/12/30,2018/08/21,,,read,,,,2,,,0,,,,,
1885,Pride and Prejudice,Jane Austen,"Austen, Jane",Anna Quindlen,"=""""","=""""",4,4.27,Modern Library,Paperback,279,2000,1813,2018/12/27,2018/02/21,,,read,,,,1,,,0,,,,,
18365130,Alegria e Triunfo,Lourenço Prado,"Prado, Lourenço",,"=""""","=""""",4,4.30,Editora Pensamento,Paperback,159,1995,1995,,2018/12/15,,,read,,,,1,,,0,,,,,
36913851,"The Legend of Korra: Turf Wars, Part Three (The Legend of Korra: Turf Wars, #3)",Michael Dante DiMartino,"DiMartino, Michael Dante",Irene Koh,"=""150670185X""","=""9781506701851""",3,4.39,Dark Horse Books,Paperback,76,2018,2018,2018/11/30,2018/11/30,,,read,,,,1,,,0,,,,,
32470949,"The Legend of Korra: Turf Wars, Part Two (The Legend of Korra: Turf Wars #2)",Michael Dante DiMartino,"DiMartino, Michael Dante",Irene Koh,"=""1506700403""","=""9781506700403""",3,4.33,Dark Horse Comics,Paperback,76,2018,2018,2018/11/30,2018/11/30,,,read,,,,1,,,0,,,,,
237764,Un señor muy viejo con unas alas enormes,Gabriel García Márquez,"Márquez, Gabriel García",Carme Solé Vendrell,"=""9580455708""","=""9789580455707""",4,3.88,Grupo Editorial Norma,Hardcover,28,1999,1968,,2018/11/30,,,read,,,,1,,,0,,,,,
40168384,Me Poupe! 10 passos para nunca mais faltar dinheiro no seu bolso,Nathalia Arcuri,"Arcuri, Nathalia",,"=""""","=""""",5,3.99,Sextante,Kindle Edition,162,2018,2018,,2018/11/30,,,read,,,,1,,,0,,,,,
226561,The Goddess Within: A Guide to the Eternal Myths that Shape Women's Lives,Jennifer Barker Woolger,"Woolger, Jennifer Barker",Roger J. Woolger,"=""0449902870""","=""9780449902875""",4,4.11,Ballantine Books,Paperback,496,1989,1989,2018/11/27,2018/11/07,,,read,,,,1,,,0,,,,,
1052,The Richest Man in Babylon,George S. Clason,"Clason, George S.",,"=""0451205367""","=""9780451205360""",4,4.26,Berkley Books,Paperback,194,2008,1926,2018/11/23,2018/11/20,,,read,,,,1,,,0,,,,,
48037,Carmilla,J. Sheridan Le Fanu,"Fanu, J. Sheridan Le",,"=""0809510839""","=""9780809510832""",4,3.82,Wildside Press,Paperback,108,2000,1872,,2017/12/31,favorites,favorites (#7),read,,,,1,,,0,,,,,
415459,I Have No Mouth and I Must Scream,Harlan Ellison,"Ellison, Harlan",Theodore Sturgeon,"=""0441363954""","=""9780441363957""",5,3.94,Ace Books,Mass Market Paperback,134,1984,1967,,2017/12/31,favorites,favorites (#6),read,,,,1,,,0,,,,,
51496,Dr. Jekyll and Mr. Hyde,Robert Louis Stevenson,"Stevenson, Robert Louis","Vladimir Nabokov, Dan Chaon","=""0451528956""","=""9780451528957""",4,3.83,Signet Classic,Paperback,139,2003,1886,,2017/12/31,favorites,favorites (#5),read,,,,1,,,0,,,,,
7613,Animal Farm,George Orwell,"Orwell, George","Boris Grabnar, Celâl Üster, Celâl Üstüner, Peter Škerl","=""0452284244""","=""9780452284241""",5,3.97,NAL,Paperback,122,2003,1945,,2017/12/31,favorites,favorites (#4),read,,,,1,,,0,,,,,
35519,The Power of Myth,Joseph Campbell,"Campbell, Joseph",Bill Moyers,"=""0385418868""","=""9780385418867""",5,4.24,Anchor,Paperback,320,1988,1988,,2017/12/31,favorites,favorites (#3),read,,,,1,,,0,,,,,
2429135,"The Girl with the Dragon Tattoo (Millennium, #1)",Stieg Larsson,"Larsson, Stieg",Reg Keeland,"=""""","=""""",5,4.15,Knopf,Hardcover,480,2008,2005,,2017/12/31,favorites,favorites (#2),read,,,,1,,,0,,,,,
186074,"The Name of the Wind (The Kingkiller Chronicle, #1)",Patrick Rothfuss,"Rothfuss, Patrick",,"=""075640407X""","=""9780756404079""",5,4.52,Penguin Group DAW,Hardcover,662,2007,2007,,2017/12/31,favorites,favorites (#1),read,,,,1,,,0,,,,,
26025580,The Grownup,Gillian Flynn,"Flynn, Gillian",,"=""0804188971""","=""9780804188975""",4,3.57,Crown,Hardcover,64,2015,2014,2018/11/18,2018/11/18,,,read,,,,2,,,0,,,,,
50203,A Haunted House and Other Short Stories,Virginia Woolf,"Woolf, Virginia",Leonard Woolf,"=""0156028034""","=""9780156028035""",4,3.76,Harcourt,Paperback,148,2002,1944,,2018/11/08,,,read,,,,1,,,0,,,,,
35031085,Frankenstein: The 1818 Text,Mary Wollstonecraft Shelley,"Shelley, Mary Wollstonecraft",Charlotte Gordon,"=""""","=""""",4,3.83,Penguin Classics,Paperback,260,2018,1818,2018/11/06,2018/10/18,,,read,,,,1,,,0,,,,,
29237221,"Saga, Volume 9",Brian K. Vaughan,"Vaughan, Brian K.",Fiona Staples,"=""""","=""""",3,4.57,Image Comics,Kindle Edition,152,2018,2018,2018/10/22,2018/10/21,,,read,,,,1,,,0,,,,,
34963526,"Saga, Vol. 8",Brian K. Vaughan,"Vaughan, Brian K.",Fiona Staples,"=""""","=""""",4,4.46,Image Comics,Paperback,146,2017,2017,,2018/10/21,,,read,,,,1,,,0,,,,,
29237211,"Saga, Volume 7",Brian K. Vaughan,"Vaughan, Brian K.",Fiona Staples,"=""1534300600""","=""9781534300606""",4,4.47,Image Comics,Paperback,152,2017,2017,,2018/10/21,,,read,,,,1,,,0,,,,,
28862528,"Saga, Volume 6",Brian K. Vaughan,"Vaughan, Brian K.",Fiona Staples,"=""163215711X""","=""9781632157119""",5,4.46,Image Comics,Paperback,152,2016,2016,2018/10/21,2018/10/20,,,read,,,,1,,,0,,,,,
25451555,"Saga, Volume 5",Brian K. Vaughan,"Vaughan, Brian K.",Fiona Staples,"=""1632154382""","=""9781632154385""",4,4.40,Image Comics,Paperback,152,2015,2015,2018/10/20,2018/10/20,,,read,,,,1,,,0,,,,,
23093367,"Saga, Volume 4",Brian K. Vaughan,"Vaughan, Brian K.",Fiona Staples,"=""1632150778""","=""9781632150776""",4,4.42,Image Comics,Paperback,144,2014,2014,2018/10/20,2018/10/20,,,read,,,,1,,,0,,,,,
19358975,"Saga, Volume 3",Brian K. Vaughan,"Vaughan, Brian K.",Fiona Staples,"=""1607069318""","=""9781607069317""",4,4.49,Image Comics,Paperback,144,2014,2014,2018/10/20,2018/10/20,,,read,,,,1,,,0,,,,,
17131869,"Saga, Volume 2",Brian K. Vaughan,"Vaughan, Brian K.",Fiona Staples,"=""1607066920""","=""9781607066927""",4,4.50,Image Comics,Paperback,144,2013,2013,2018/10/20,2018/10/13,,,read,,,,1,,,0,,,,,
28949218,"The Flame Bearer (The Saxon Stories, #10)",Bernard Cornwell,"Cornwell, Bernard",,"=""0007504217""","=""9780007504213""",3,4.43,HarperCollins,Hardcover,284,2016,2016,2018/10/18,2017/12/31,,,read,,,,1,,,0,,,,,
15704307,"Saga, Volume 1",Brian K. Vaughan,"Vaughan, Brian K.",Fiona Staples,"=""1607066017""","=""9781607066019""",4,4.17,Image Comics,Paperback,160,2012,2012,2018/10/13,2018/10/03,,,read,,,,1,,,0,,,,,
20501604,Pact,Wildbow,"Wildbow, Wildbow",,"=""""","=""""",3,3.87,Wordpress,ebook,2100,2014,2014,2018/10/10,2018/06/23,,,read,,,,1,,,0,,,,,
6514,The Bell Jar,Sylvia Plath,"Plath, Sylvia",,"=""""","=""""",4,4.03,Harper Perennial Modern Classics,Paperback,294,2006,1963,2018/10/04,2018/02/20,,,read,,,,1,,,0,,,,,
40004213,"Buffy the Vampire Slayer: The Reckoning (Season 12, Volume 1)",Joss Whedon,"Whedon, Joss","Christos Gage, Georges Jeanty, Dan Jackson, Karl Story, Stephanie Hans","=""150670915X""","=""9781506709154""",4,3.71,Dark Horse Books,Paperback,112,2018,2018,,2018/09/24,,,read,,,,1,,,0,,,,,
18693655,A Mind for Numbers: How to Excel at Math and Science (Even If You Flunked Algebra),Barbara Oakley,"Oakley, Barbara",,"=""039916524X""","=""9780399165245""",5,4.19,The Penguin Group,Paperback,336,2014,2014,2018/09/24,2017/12/31,,,read,,,,1,,,0,,,,,
93157,The Monk,Matthew Gregory Lewis,"Lewis, Matthew Gregory",,"=""0140436030""","=""9780140436037""",0,3.81,Penguin Classics,Paperback,431,1998,1796,,2018/09/23,to-read,to-read (#15),to-read,,,,0,,,0,,,,,
35251947,"Buffy the Vampire Slayer: One Girl in All the World (Season 11, Volume 2)",Christos Gage,"Gage, Christos","Rebekah Isaacs, Georges Jeanty, Megan Levens, Joss Whedon","=""1506702929""","=""9781506702926""",4,4.12,Dark Horse Books,Paperback,160,2018,2018,,2018/09/17,,,read,,,,1,,,0,,,,,
33161037,"Buffy the Vampire Slayer: The Spread of Their Evil (Season 11, Volume 1)",Christos Gage,"Gage, Christos","Rebekah Isaacs, Georges Jeanty, Joss Whedon","=""1506702740""","=""9781506702742""",3,4.20,Dark Horse Books,Paperback,160,2017,2017,,2018/09/17,,,read,,,,1,,,0,,,,,
29632723,"Buffy the Vampire Slayer: Own It (Season 10, Volume 6)",Christos Gage,"Gage, Christos","Rebekah Isaacs, Joss Whedon","=""1506700349""","=""9781506700342""",4,4.20,Dark Horse,Paperback,136,2016,2016,,2018/09/17,,,read,,,,1,,,0,,,,,
27405564,"Buffy the Vampire Slayer: In Pieces on the Ground (Season 10, Volume 5)",Christos Gage,"Gage, Christos","Rebekah Isaacs, Megan Levens, Joss Whedon","=""1616559446""","=""9781616559441""",0,3.98,Dark Horse,Paperback,136,2016,2016,,2018/09/17,,,read,,,,1,,,0,,,,,
25509889,"Buffy the Vampire Slayer: Old Demons (Season 10, Volume 4)",Christos Gage,"Gage, Christos","Rebekah Isaacs, Joss Whedon","=""1616558024""","=""9781616558024""",4,4.14,Dark Horse,Paperback,136,2016,2016,,2018/09/17,,,read,,,,1,,,0,,,,,
24476149,"Buffy the Vampire Slayer: Love Dares You (Season 10, Volume 3)",Christos Gage,"Gage, Christos","Nicholas Brendon, Rebekah Isaacs, Megan Levens, Joss Whedon","=""1616557583""","=""9781616557584""",4,4.21,Dark Horse,Paperback,136,2015,2015,,2018/09/14,,,read,,,,1,,,0,,,,,
21544277,"Buffy the Vampire Slayer: New Rules (Season 10, Volume 1)",Christos Gage,"Gage, Christos","Nicholas Brendon, Rebekah Isaacs, Joss Whedon, Andy Owens, Megan Levens, Cliff Richards, Dan Jackson, Steve Morris, Karl Moline, Richard Corben","=""1616554908""","=""9781616554903""",4,4.22,Dark Horse,Paperback,136,2014,2014,,2018/09/14,,,read,,,,1,,,0,,,,,
22822935,"Buffy the Vampire Slayer: I Wish (Season 10, Volume 2)",Christos Gage,"Gage, Christos","Nicholas Brendon, Rebekah Isaacs, Richard Corben, Karl Moline, Cliff Richards, Joss Whedon","=""1616556005""","=""9781616556006""",4,4.18,Dark Horse,Paperback,136,2015,2015,,2018/09/14,,,read,,,,1,,,0,,,,,
16398552,"Buffy the Vampire Slayer: Guarded (Season 9, Volume 3)",Andrew Chambliss,"Chambliss, Andrew","Joss Whedon, Jane Espenson, Drew Z. Greenberg, Georges Jeanty, Karl Moline","=""1616550996""","=""9781616550998""",4,3.80,Dark Horse,Paperback,136,2013,2012,,2018/09/08,,,read,,,,1,,,0,,,,,
15747210,"Buffy the Vampire Slayer: On Your Own (Season 9, Volume 2)",Andrew Chambliss,"Chambliss, Andrew","Scott Allie, Georges Jeanty, Cliff Richards, Joss Whedon","=""1595829903""","=""9781595829900""",3,4.07,Dark Horse,Paperback,144,2012,2012,,2018/09/08,,,read,,,,1,,,0,,,,,
13576260,"Buffy the Vampire Slayer: Freefall (Season 9, Volume 1)",Joss Whedon,"Whedon, Joss","Andrew Chambliss, Georges Jeanty, Karl Moline","=""1595829229""","=""9781595829221""",3,4.04,Dark Horse,Paperback,136,2012,2012,,2018/09/08,,,read,,,,1,,,0,,,,,
28007982,"Angel & Faith: A Tale of Two Families (Season 10, Volume 5)",Victor Gischler,"Gischler, Victor","Will Conrad, Joss Whedon","=""1616559659""","=""9781616559656""",4,3.81,Dark Horse,Paperback,136,2016,2016,2018/08/28,2018/08/26,,,read,,,,1,,,0,,,,,
25810224,"Angel & Faith: A Little More Than Kin (Season 10, Volume 4)",Victor Gischler,"Gischler, Victor","Cliff Richards, Will Conrad, Joss Whedon","=""1616558903""","=""9781616558901""",4,3.78,Dark Horse,Paperback,134,2016,2016,2018/08/27,2018/08/26,,,read,,,,1,,,0,,,,,
25031519,"Angel & Faith: United (Season 10, Volume 3)",Victor Gischler,"Gischler, Victor","Kel McDonald, Will Conrad, Cliff Richards, Joss Whedon","=""1616557664""","=""9781616557669""",4,3.81,Dark Horse,Paperback,136,2015,2015,2018/08/27,2018/08/26,,,read,,,,1,,,0,,,,,
23128379,"Angel & Faith: Lost and Found (Season 10, Volume 2)",Victor Gischler,"Gischler, Victor","Will Conrad, Joss Whedon","=""1616556013""","=""9781616556013""",4,3.79,Dark Horse,Paperback,134,2015,2015,2018/08/27,2018/08/26,,,read,,,,1,,,0,,,,,
16299,And Then There Were None,Agatha Christie,"Christie, Agatha",,"=""0312330871""","=""9780312330873""",4,4.27,St. Martin's Press,Paperback,264,2004,1939,2018/08/27,2018/02/25,,,read,,,,1,,,0,,,,,
21870088,"Angel & Faith: Where the River Meets the Sea (Season 10, Volume 1)",Victor Gischler,"Gischler, Victor","Will Conrad, Joss Whedon","=""1616555033""","=""9781616555030""",3,3.72,Dark Horse,Paperback,136,2014,2014,,2018/08/26,,,read,,,,1,,,0,,,,,
18491564,"Angel & Faith: What You Want, Not What You Need (Season 9, Volume 5)",Christos Gage,"Gage, Christos","Rebekah Isaacs, Joss Whedon","=""1616552530""","=""9781616552534""",3,4.08,Dark Horse,Paperback,136,2014,2014,,2018/08/21,,,read,,,,1,,,0,,,,,
17794133,"Angel & Faith: Death and Consequences (Season 9, Volume 4)",Christos Gage,"Gage, Christos","Rebekah Isaacs, Joss Whedon","=""1616551658""","=""9781616551650""",4,4.09,Dark Horse,Paperback,136,2013,2013,,2018/08/21,,,read,,,,1,,,0,,,,,
16125774,"Angel & Faith: Family Reunion (Season 9, Volume 3)",Christos Gage,"Gage, Christos","Rebekah Isaacs, Lee Garbett, David Lapham, Joss Whedon","=""1616550791""","=""9781616550790""",3,4.07,Dark Horse,Paperback,136,2013,2013,,2018/08/21,,,read,,,,1,,,0,,,,,
15714509,"Angel & Faith: Daddy Issues (Season 9, Volume 2)",Christos Gage,"Gage, Christos","Rebekah Isaacs, Chris Samnee, Joss Whedon","=""1595829601""","=""9781595829603""",4,4.14,Dark Horse,Paperback,136,2012,2012,,2018/08/21,,,read,,,,1,,,0,,,,,
13457078,"Angel & Faith: Live Through This (Season 9, Volume 1)",Christos Gage,"Gage, Christos","Joss Whedon, David Lapham, Derek Fridolfs, Rebekah Isaacs, Lee Garbett, Steve Artist Morris, Phil Noto, Dan Artist Jackson, Sierra Hahn, Scott Allie, Various","=""1595828877""","=""9781595828873""",4,4.05,Dark Horse,Paperback,136,2012,2012,,2018/08/21,,,read,,,,1,,,0,,,,,
9792887,"Buffy the Vampire Slayer: Last Gleaming (Season 8, Volume 8)",Joss Whedon,"Whedon, Joss","Georges Jeanty, Scott Allie","=""1595826106""","=""9781595826107""",3,3.92,Dark Horse Books,Paperback,168,2011,2011,2018/08/20,2018/08/19,,,read,,,,1,,,0,,,,,
2567987,"Buffy the Vampire Slayer: No Future for You (Season 8, Volume 2)",Brian K. Vaughan,"Vaughan, Brian K.","Georges Jeanty, Joss Whedon","=""159307963X""","=""9781593079635""",5,4.11,Dark Horse Books,Paperback,120,2008,2008,,2018/08/19,,,read,,,,1,,,0,,,,,
1270615,"Buffy the Vampire Slayer: The Long Way Home (Season 8, Volume 1)",Joss Whedon,"Whedon, Joss",Georges Jeanty,"=""1593078226""","=""9781593078225""",4,3.96,Dark Horse Books,Paperback,136,2007,2007,,2018/08/19,,,read,,,,1,,,0,,,,,
6353855,"Buffy the Vampire Slayer: Predators and Prey (Season 8, Volume 5)",Jane Espenson,"Espenson, Jane","Steven S. DeKnight, Drew Z. Greenberg, Jim Krueger, Doug Petrie, Georges Jeanty, Joss Whedon","=""1595823425""","=""9781595823427""",4,3.89,Dark Horse Books,Paperback,160,2009,2009,,2018/08/19,,,read,,,,1,,,0,,,,,
5986331,"Buffy the Vampire Slayer:  Time of Your Life (Season 8, Volume 4)",Joss Whedon,"Whedon, Joss","Georges Jeanty, Jeph Loeb","=""1595823107""","=""9781595823106""",4,3.96,Dark Horse Books,Paperback,136,2009,2009,,2018/08/19,,,read,,,,1,,,0,,,,,
36525679,"Kill 6 Billion Demons, Book 2: Wielder of Names",Tom Parkinson-Morgan,"Parkinson-Morgan, Tom",,"=""1534306455""","=""9781534306455""",5,4.44,Image Comics,Paperback,128,2018,2018,,2018/08/16,,,read,,,,1,,,0,,,,,
31387194,"Kill 6 Billion Demons, Book 1",Tom Parkinson-Morgan,"Parkinson-Morgan, Tom",,"=""1534300147""","=""9781534300149""",5,4.06,Image Comics,Paperback,104,2016,2016,,2018/08/16,,,read,,,,1,,,0,,,,,
8500922,"Buffy the Vampire Slayer: Twilight (Season 8, Volume 7)",Brad Meltzer,"Meltzer, Brad","Georges Jeanty, Joss Whedon","=""1595825584""","=""9781595825582""",2,3.92,Dark Horse Books,Paperback,168,2010,2010,,2018/08/19,,,read,,,,1,,,0,,,,,
3197145,"Buffy the Vampire Slayer: Wolves at the Gate (Season 8, Volume 3)",Drew Goddard,"Goddard, Drew","Georges Jeanty, Joss Whedon","=""1595821651""","=""9781595821652""",4,4.04,Dark Horse Books,Paperback,136,2008,2008,,2018/08/19,,,read,,,,1,,,0,,,,,
17994,The Code Book: The Science of Secrecy from Ancient Egypt to Quantum Cryptography,Simon Singh,"Singh, Simon",,"=""0385495323""","=""9780385495325""",0,4.26,Anchor,Paperback,412,2000,1999,,2018/08/13,to-read,to-read (#14),to-read,,,,0,,,0,,,,,
569429,"Mostly Harmless (Hitchhiker's Guide to the Galaxy, #5)",Douglas Adams,"Adams, Douglas",,"=""0345379330""","=""9780345379337""",2,3.96,Del Rey,Paperback,288,1993,1992,,2018/08/06,,,read,,,,1,,,0,,,,,
6091075,"So Long, and Thanks for All the Fish (The Hitchhiker's Guide to the Galaxy, #4)",Douglas Adams,"Adams, Douglas",,"=""""","=""""",3,4.09,Del Rey,Kindle Edition,225,2008,1984,2018/08/05,2018/08/04,,,read,,,,1,,,0,,,,,
22173461,"Grit to Great: How Perseverance, Passion, and Pluck Take You from Ordinary to Extraordinary",Linda Kaplan Thaler,"Thaler, Linda Kaplan",Robin Koval,"=""0804139121""","=""9780804139120""",2,3.65,Crown Business,Hardcover,160,2015,2015,2018/08/05,2018/08/05,,,read,,,,2,,,0,,,,,
324748,The Dip: A Little Book That Teaches You When to Quit (and When to Stick),Seth Godin,"Godin, Seth",,"=""1591841666""","=""9781591841661""",3,3.80,Portfolio,Hardcover,80,2007,2007,2018/08/05,2018/08/05,,,read,,,,2,,,0,,,,,
35414997,Rocket Men: The Daring Odyssey of Apollo 8 and the Astronauts Who Made Man's First Journey to the Moon,Robert Kurson,"Kurson, Robert",,"=""0812988701""","=""9780812988703""",2,4.52,Random House,Hardcover,384,2018,2018,2018/08/05,2018/08/04,,,read,,,,2,,,0,,,,,
6570502,Switch: How to Change Things When Change Is Hard,Chip Heath,"Heath, Chip",Dan Heath,"=""0385528752""","=""9780385528757""",3,4.01,Currency,Hardcover,320,2010,2010,2018/08/05,2018/08/05,,,read,,,,2,,,0,,,,,
8694,"Life, the Universe and Everything (Hitchhiker's Guide to the Galaxy, #3)",Douglas Adams,"Adams, Douglas",,"=""0345418905""","=""9780345418906""",3,4.19,Del Rey,Paperback,224,2005,1982,2018/08/04,2018/07/26,,,read,,,,1,,,0,,,,,
8695,"The Restaurant at the End of the Universe (Hitchhiker's Guide to the Galaxy, #2)",Douglas Adams,"Adams, Douglas",,"=""""","=""""",3,4.20,Del Rey,Paperback,250,2005,1980,2018/07/26,2018/07/25,,,read,,,,1,,,0,,,,,
386162,"The Hitchhiker's Guide to the Galaxy (Hitchhiker's Guide to the Galaxy, #1)",Douglas Adams,"Adams, Douglas",,"=""""","=""""",3,4.22,Del Rey,Paperback,193,2007,1979,2018/07/25,2018/02/21,,,read,,,,1,,,0,,,,,
22571656,The Happiness Equation: Want Nothing + Do Anything = Have Everything,Neil Pasricha,"Pasricha, Neil",,"=""0399169474""","=""9780399169472""",2,3.87,G.P. Putnam's Sons,Hardcover,320,2016,2015,,2018/06/23,,,read,,,,1,,,0,,,,,
17788725,The Motivation Hacker,Nick Winter,"Winter, Nick",,"=""""","=""9780989279802""",2,3.72,Smashwords Edition,ebook,138,2013,2013,,2017/12/31,,,read,,,,2,,,0,,,,,
17660462,The Everything Store: Jeff Bezos and the Age of Amazon,Brad Stone,"Stone, Brad",,"=""0316219266""","=""9780316219266""",3,4.12,"Little, Brown and Company",Hardcover,384,2013,2013,,2018/06/27,,,read,,,,2,,,0,,,,,
30186948,Think and Grow Rich,Napoleon Hill,"Hill, Napoleon",Ben Holden-Crowther,"=""""","=""""",2,4.18,,Paperback,233,2016,1937,,2018/06/27,,,read,,,,1,,,0,,,,,
8034188,Where Good Ideas Come from: The Natural History of Innovation,Steven Johnson,"Johnson, Steven",,"=""1594487715""","=""9781594487712""",2,4.00,Riverhead Books,Hardcover,326,2010,2010,,2018/06/27,,,read,,,,1,,,0,,,,,
15801967,Contagious: Why Things Catch On,Jonah Berger,"Berger, Jonah",,"=""1451686579""","=""9781451686579""",3,3.96,Simon  Schuster,Hardcover,210,2013,2013,,2018/06/08,,,read,,,,2,,,0,,,,,
1633,Getting Things Done: The Art of Stress-Free Productivity,David    Allen,"Allen, David",,"=""0142000280""","=""9780142000281""",3,3.99,Penguin Group,Paperback,267,2002,2001,,2018/06/08,,,read,,,,2,,,0,,,,,
762542,The Four Steps to the Epiphany: Successful Strategies for Startups That Win,Steve Blank,"Blank, Steve",,"=""0976470705""","=""9780976470700""",3,3.92,K & S Ranch,Paperback,281,2005,2003,,2018/06/08,,,read,,,,1,,,0,,,,,
11350120,Mindfulness: An Eight-Week Plan for Finding Peace in a Frantic World,J. Mark G. Williams,"Williams, J. Mark G.","Danny Penman, Jon Kabat-Zinn","=""1609611985""","=""9781609611989""",3,3.92,Rodale Books,Hardcover,288,2011,2011,,2018/06/08,,,read,,,,1,,,0,,,,,
10614,Misery,Stephen King,"King, Stephen",,"=""0450417395""","=""9780450417399""",4,4.19,New English Library,Paperback,370,1988,1987,,2017/12/31,,,read,,,,2,,,0,,,,,
5470,1984,George Orwell,"Orwell, George","Erich Fromm, Regina Silveira, Amazing Améziane, Marcelo Pen, Golo Mann, Harald Sachse, Irving Howe, Raymond Williams, Thomas Pynchon, Homi K. Bhabha, Martha C. Nussbaum, Bernard Crick, George Packer","=""""","=""""",0,4.19,New American Library,Mass Market Paperback,328,1950,1949,2018/05/28,2017/12/31,,,read,,,,2,,,0,,,,,
15197,Maus II: A Survivor's Tale: And Here My Troubles Began,Art Spiegelman,"Spiegelman, Art",,"=""0679729771""","=""9780679729778""",4,4.35,Pantheon Books,Paperback,144,1992,1991,2018/05/08,2018/05/03,,,read,,,,1,,,0,,,,,
3188964,The Doors of Perception,Aldous Huxley,"Huxley, Aldous",,"=""""","=""""",3,3.92,Chatto & Windus ,Hardcover,208,1954,1954,2018/05/03,2018/04/22,,,read,,,,1,,,0,,,,,
15196,"Maus I: A Survivor's Tale: My Father Bleeds History (Maus, #1)",Art Spiegelman,"Spiegelman, Art",,"=""0394541553""","=""9780394541556""",4,4.34,Pantheon Books,Hardcover,159,1991,1986,2018/04/29,2018/04/22,,,read,,,,1,,,0,,,,,
2349636,Improve Your People Skills,Peter Honey,"Honey, Peter",,"=""0852923961""","=""9780852923962""",2,3.25,Hyperion Books,Hardcover,192,,2001,,2018/04/26,,,read,,,,1,,,0,,,,,
18077875,Essentialism: The Disciplined Pursuit of Less,Greg McKeown,"McKeown, Greg",,"=""0804137382""","=""9780804137386""",3,4.03,Crown Business,Hardcover,260,2014,2011,2018/04/26,2017/12/31,,,read,,,,2,,,0,,,,,
24953002,"The Sales Acceleration Formula: Using Data, Technology, and Inbound Selling to go from $0 to $100 Million",Mark Roberge,"Roberge, Mark",,"=""""","=""""",3,4.27,Wiley,Kindle Edition,225,2015,2015,,2018/04/23,,,read,,,,2,,,0,,,,,
313605,Getting to Yes: Negotiating Agreement Without Giving In,Roger Fisher,"Fisher, Roger","William Ury, Bruce Patton","=""0140157352""","=""9780140157352""",3,3.94,Penguin Group,Paperback,224,1991,1981,,2018/04/17,,,read,,,,1,,,0,,,,,
228331,Getting Past No: Negotiating in Difficult Situations,William Ury,"Ury, William",,"=""0553371312""","=""9780553371314""",3,3.94,Bantam,Paperback,208,1993,1991,,2018/04/17,,,read,,,,2,,,0,,,,,
25744928,Deep Work: Rules for Focused Success in a Distracted World,Cal Newport,"Newport, Cal",,"=""1455586692""","=""9781455586691""",4,4.18,Grand Central Publishing,Hardcover,296,2016,2016,,2017/12/31,,,read,,,,2,,,0,,,,,
1274,"Men Are from Mars, Women Are from Venus",John  Gray,"Gray, John",,"=""0060574216""","=""9780060574215""",2,3.57,Harper Paperbacks,Paperback,368,2012,1992,2018/04/05,2018/04/05,,,read,,,,1,,,0,,,,,
6667514,The Checklist Manifesto: How to Get Things Right,Atul Gawande,"Gawande, Atul",,"=""0805091742""","=""9780805091748""",3,4.02,Metropolitan Books,Hardcover,208,2009,2009,,2018/04/07,,,read,,,,1,,,0,,,,,
19288230,Scrum: The Art of Doing Twice the Work in Half the Time,Jeff Sutherland,"Sutherland, Jeff",,"=""038534645X""","=""9780385346450""",4,4.15,Crown Business,Hardcover,237,2014,2014,,2017/12/31,,,read,,,,2,,,0,,,,,
25164058,No One Ever Taught Me How to Learn: How to Unlock Your Learning Potential and Become Unstoppable,I.C. Robledo,"Robledo, I.C.",,"=""""","=""""",3,3.51,,Kindle Edition,140,2015,2015,,2018/04/05,,,read,,,,2,,,0,,,,,
17876567,Go Pro - 7 Steps to Becoming a Network Marketing Professional,Eric Worre,"Worre, Eric",,"=""0988667908""","=""9780988667907""",3,4.27,Network Marketing Pro Inc.,Paperback,160,2013,2013,2018/04/04,2018/03/29,,,read,,,,2,,,0,,,,,
63113,Fernando Pessoa and Co.: Selected Poems,Fernando Pessoa,"Pessoa, Fernando",Richard Zenith,"=""0802136273""","=""9780802136275""",5,4.32,Grove Press,Paperback,304,1999,1971,,2018/03/29,,,read,,,,1,,,0,,,,,
18713259,"Worm (Parahumans, #1)",Wildbow,"Wildbow, Wildbow",J.C. McCrae,"=""""","=""""",4,4.62,http://parahumans.wordpress.com,ebook,6680,2013,2013,,2018/03/30,,,read,,,,2,,,0,,,,,
4671,The Great Gatsby,F. Scott Fitzgerald,"Fitzgerald, F. Scott",,"=""""","=""""",4,3.93,Scribner,Paperback,200,2004,1925,2018/02/28,2018/02/18,,,read,,,,1,,,0,,,,,
485894,The Metamorphosis,Franz Kafka,"Kafka, Franz",Stanley Corngold,"=""""","=""""",3,3.83,Bantam Classics,Paperback,201,1972,1915,,2018/02/21,,,read,,,,1,,,0,,,,,
2165,The Old Man and the Sea,Ernest Hemingway,"Hemingway, Ernest",,"=""0684830493""","=""9780684830490""",3,3.79,Scribner,Hardcover,96,1996,1952,,2018/02/21,,,read,,,,1,,,0,,,,,
320,One Hundred Years of Solitude,Gabriel García Márquez,"Márquez, Gabriel García",Gregory Rabassa,"=""""","=""""",0,4.10,Harper,Mass Market Paperback,417,2003,1967,,2018/02/21,to-read,to-read (#13),to-read,,,,0,,,0,,,,,
19063,The Book Thief,Markus Zusak,"Zusak, Markus",,"=""""","=""""",3,4.38,Alfred A. Knopf,Hardcover,552,2006,2005,,2018/02/21,,,read,,,,1,,,0,,,,,
10210,Jane Eyre,Charlotte Brontë,"Brontë, Charlotte",Michael Mason,"=""0142437204""","=""9780142437209""",0,4.14,Penguin,Paperback,532,2003,1847,,2018/02/21,to-read,to-read (#12),to-read,,,,0,,,0,,,,,
12543,Bird by Bird: Some Instructions on Writing and Life,Anne Lamott,"Lamott, Anne",,"=""""","=""""",4,4.22,Anchor,Paperback,237,1995,1994,2018/02/18,2017/12/31,,,read,,,,1,,,0,,,,,
23513349,Milk and Honey,Rupi Kaur,"Kaur, Rupi",,"=""1502784270""","=""9781502784278""",4,4.03,Createspace,Paperback,204,2014,2014,2018/02/18,2018/02/17,,,read,,,,2,,,0,,,,,
1319,The War of Art: Winning the Inner Creative Battle,Steven Pressfield,"Pressfield, Steven",Robert McKee,"=""0446691437""","=""9780446691437""",4,3.99,Warner Books,Paperback,168,2003,2002,2018/01/31,2018/01/21,,,read,,,,1,,,0,,,,,
32699651,"Six Figure Author: Using Data to Sell Books (Write Faster, Write Smarter #5)",Chris  Fox,"Fox, Chris",,"=""""","=""""",4,4.49,Chris Fox Writes LLC,Kindle Edition,66,2016,2016,2018/01/26,2018/01/22,,,read,,,,1,,,0,,,,,
30140111,"Launch to Market: Easy Marketing For Authors (Write Faster, Write Smarter, #4)",Chris  Fox,"Fox, Chris",,"=""""","=""""",4,4.44,,Kindle Edition,77,2016,2016,2018/01/22,2018/01/22,,,read,,,,1,,,0,,,,,
33161035,"The Legend of Korra: Turf Wars, Part One (The Legend of Korra: Turf Wars #1)",Michael Dante DiMartino,"DiMartino, Michael Dante",Irene Koh,"=""1506700152""","=""9781506700151""",5,4.33,Dark Horse,Paperback,76,2017,2017,2018/01/01,2017/12/31,,,read,,,,1,,,0,,,,,
35195981,"Relaunch Your Novel: Breathe Life Into Your Backlist (Write Faster, Write Smarter Book 6)",Chris  Fox,"Fox, Chris",,"=""""","=""""",3,4.39,,Kindle Edition,136,2017,2017,2018/01/22,2018/01/22,,,read,,,,2,,,0,,,,,
26596783,Lifelong Writing Habit: The Secret to Writing Every Day,Chris  Fox,"Fox, Chris",,"=""""","=""""",4,4.18,"Amazon Digital Services, Inc.",Kindle Edition,59,2015,2015,2018/01/21,2018/01/21,,,read,,,,1,,,0,,,,,
28684939,"Write to Market: Deliver a Book that Sells (Write Faster, Write Smart, #3)",Chris  Fox,"Fox, Chris",,"=""""","=""""",4,4.43,,Kindle Edition,67,2015,2016,2018/01/21,2018/01/20,,,read,,,,1,,,0,,,,,
13525945,So Good They Can't Ignore You: Why Skills Trump Passion in the Quest for Work You Love,Cal Newport,"Newport, Cal",,"=""1455509108""","=""9781455509102""",4,4.08,Business Plus,ebook,288,2012,2012,2018/01/20,2017/12/31,,,read,,,,1,,,0,,,,,
27300301,Lifelong Writing Habit: The Secret to Writing Every Day,Chris  Fox,"Fox, Chris",,"=""1517621380""","=""9781517621384""",3,4.18,Createspace Independent Publishing Platform,Paperback,104,2015,2015,,2018/01/20,,,read,,,,1,,,0,,,,,
25541028,"Elon Musk: Tesla, SpaceX, and the Quest for a Fantastic Future",Ashlee Vance,"Vance, Ashlee",Эшли Вэнс,"=""0062301233""","=""9780062301239""",4,4.21,Ecco,Hardcover,392,2015,2015,2018/01/10,2017/12/31,,,read,,,,1,,,0,,,,,
25765338,"5,000 Words Per Hour: Write Faster, Write Smarter",Chris  Fox,"Fox, Chris",,"=""""","=""""",4,4.21,,Kindle Edition,120,2015,2015,2018/01/13,2018/01/12,,,read,,,,1,,,0,,,,,
13569581,"Blood Song (Raven's Shadow, #1)",Anthony Ryan,"Ryan, Anthony",,"=""""","=""""",0,4.39,Anthony  Ryan,Kindle Edition,591,2012,2011,,2017/12/31,to-read,to-read (#11),to-read,,,,0,,,0,,,,,
28877,"Red Dragon (Hannibal Lecter, #1)",Thomas  Harris,"Harris, Thomas",,"=""""","=""""",0,4.03,Dutton,Hardcover,454,2000,1981,,2017/12/31,to-read,to-read (#10),to-read,,,,0,,,0,,,,,
24800,House of Leaves,Mark Z. Danielewski,"Danielewski, Mark Z.",,"=""038560310X""","=""9780385603102""",0,4.06,Random House,Paperback,710,2000,2000,,2017/12/31,to-read,to-read (#9),to-read,,,,0,,,0,,,,,
19161852,"The Fifth Season (The Broken Earth, #1)",N.K. Jemisin,"Jemisin, N.K.",,"=""""","=""""",0,4.32,Orbit,Paperback,468,2015,2015,,2017/12/31,to-read,to-read (#8),to-read,,,,0,,,0,,,,,
119073,The Name of the Rose,Umberto Eco,"Eco, Umberto",William Weaver,"=""0156001314""","=""9780156001311""",0,4.13,Harvest Books,Paperback,536,1994,1980,,2017/12/31,to-read,to-read (#7),to-read,,,,0,,,0,,,,,
17841,Foucault's Pendulum,Umberto Eco,"Eco, Umberto",William Weaver,"=""015603297X""","=""9780156032971""",0,3.90,Mariner Books,Paperback,623,2007,1988,,2017/12/31,to-read,to-read (#6),to-read,,,,0,,,0,,,,,
43713,Structure and Interpretation of Computer Programs,Harold Abelson,"Abelson, Harold","Gerald Jay Sussman, Julie Sussman","=""0262510871""","=""9780262510875""",0,4.46,MIT Press,Paperback,657,1996,1984,,2017/12/31,to-read,to-read (#5),to-read,,,,0,,,0,,,,,
13624,The Worm Ouroboros,E.R. Eddison,"Eddison, E.R.",Keith   Henderson,"=""0486447405""","=""9780486447407""",0,3.70,Dover Publications,Paperback,446,2006,1922,,2017/12/31,to-read,to-read (#4),to-read,,,,0,,,0,,,,,
55399,"Gardens of the Moon (Malazan Book of the Fallen, #1)",Steven Erikson,"Erikson, Steven",,"=""0765348780""","=""9780765348784""",0,3.89,Tor Books,Mass Market Paperback,657,2005,1999,,2017/12/31,to-read,to-read (#3),to-read,,,,0,,,0,,,,,
5907,"The Hobbit, or There and Back Again",J.R.R. Tolkien,"Tolkien, J.R.R.",Douglas A. Anderson,"=""""","=""""",0,4.28,Houghton Mifflin,Paperback,366,2002,1937,,2017/12/31,to-read,to-read (#2),to-read,,,,0,,,0,,,,,
234225,Dune (Dune #1),Frank Herbert,"Herbert, Frank",,"=""0340839937""","=""9780340839935""",0,4.24,Hodder & Stoughton,Paperback,604,2006,1965,,2017/12/31,to-read,to-read (#1),to-read,,,,0,,,0,,,,,
450297,Anarchy,Errico Malatesta,"Malatesta, Errico",Vernon Richards,"=""0900384743""","=""9780900384745""",3,3.94,Freedom Press (CA),Paperback,54,1995,1891,,2017/12/31,,,read,,,,1,,,0,,,,,
7818660,Invisible Ink: A Practical Guide to Building Stories That Resonate,Brian  McDonald,"McDonald, Brian",,"=""0984178627""","=""9780984178629""",4,4.42,Libertary Co.,Paperback,170,2010,2010,,2017/12/31,,,read,,,,1,,,0,,,,,
123653,The Book of the Law,Aleister Crowley,"Crowley, Aleister",Rose Edith Crowley,"=""1578633087""","=""0824297633082""",4,3.83,Weiser Books,Hardcover,160,2004,1904,,2017/12/31,,,read,,,,1,,,0,,,,,
2526,Blindness,José Saramago,"Saramago, José",Giovanni Pontiero,"=""0156007754""","=""9780156007757""",4,4.15,Houghton Mifflin Harcourt Publishing Company,Paperback,326,1999,1995,,2017/12/31,,,read,,,,1,,,0,,,,,
181736,The Servant: A Simple Story About the True Essence of Leadership,James C. Hunter,"Hunter, James C.",,"=""0761513698""","=""9780761513698""",5,3.97,Currency,Hardcover,187,1998,1998,,2017/12/31,,,read,,,,1,,,0,,,,,
3735293,Clean Code: A Handbook of Agile Software Craftsmanship,Robert C. Martin,"Martin, Robert C.",,"=""0132350882""","=""9780132350884""",3,4.39,Pearson,Paperback,464,2008,2007,,2017/12/31,,,read,,,,1,,,0,,,,,
627206,The New Drawing on the Right Side of the Brain,Betty Edwards,"Edwards, Betty",,"=""0874774241""","=""9780874774245""",4,3.87,Tarcher,Paperback,291,1999,1979,,2017/12/31,,,read,,,,1,,,0,,,,,
840,The Design of Everyday Things,Donald A. Norman,"Norman, Donald A.",,"=""0465067107""","=""9780465067107""",4,4.14,Basic Books,Paperback,240,2002,1988,,2017/12/31,,,read,,,,1,,,0,,,,,
13648043,Platform: Get Noticed in a Noisy World,Michael Hyatt,"Hyatt, Michael",,"=""159555503X""","=""9781595555038""",4,4.00,Thomas Nelson,Hardcover,261,2012,2012,,2017/12/31,,,read,,,,1,,,0,,,,,
13593700,Getting Started with Dwarf Fortress: Learn to Play the Most Complex Video Game Ever Made,Peter  Tyson,"Tyson, Peter",,"=""1449314945""","=""9781449314941""",3,4.25,O'Reilly Media,Paperback,240,2012,2012,,2017/12/31,,,read,,,,1,,,0,,,,,
29127,"The Last Unicorn (The Last Unicorn, #1)",Peter S. Beagle,"Beagle, Peter S.",,"=""0451450523""","=""9780451450524""",3,4.15,Penguin Roc,Paperback,294,2008,1968,,2017/12/31,,,read,,,,1,,,0,,,,,
135479,Cat's Cradle,Kurt Vonnegut Jr.,"Jr., Kurt Vonnegut",,"=""0140285601""","=""9780140285604""",3,4.16,Penguin,Paperback,179,1999,1963,,2017/12/31,,,read,,,,1,,,0,,,,,
4981,Slaughterhouse-Five,Kurt Vonnegut Jr.,"Jr., Kurt Vonnegut",,"=""0385333846""","=""9780385333849""",3,4.08,Dial Press,Paperback,275,1999,1969,,2017/12/31,,,read,,,,1,,,0,,,,,
635683,How Not to Write a Novel,David   Armstrong,"Armstrong, David",,"=""0749006803""","=""9780749006808""",4,3.62,Allison & Busby,Paperback,256,2001,2003,,2017/12/31,,,read,,,,1,,,0,,,,,
18197267,"Don't Make Me Think, Revisited: A Common Sense Approach to Web Usability",Steve Krug,"Krug, Steve",,"=""0321965515""","=""9780321965516""",4,4.24,New Riders Publishing,Paperback,200,2013,2000,,2017/12/31,,,read,,,,1,,,0,,,,,
13661,"Tehanu (Earthsea Cycle, #4)",Ursula K. Le Guin,"Guin, Ursula K. Le",,"=""1416509631""","=""9781416509639""",3,3.96,Pocket Books,Paperback,281,2004,1990,,2017/12/31,,,read,,,,1,,,0,,,,,
13667,"The Farthest Shore (Earthsea Cycle, #3)",Ursula K. Le Guin,"Guin, Ursula K. Le",,"=""141650964X""","=""9781416509646""",3,4.11,Gallery Books,Paperback,259,2004,1972,,2017/12/31,,,read,,,,1,,,0,,,,,
13662,"The Tombs of Atuan (Earthsea Cycle, #2)",Ursula K. Le Guin,"Guin, Ursula K. Le",Margot Paronis,"=""0689845367""","=""9780689845369""",3,4.09,Gallery / Saga Press,Mass Market Paperback,180,2001,1970,,2017/12/31,,,read,,,,1,,,0,,,,,
13642,"A Wizard of Earthsea (Earthsea Cycle, #1)",Ursula K. Le Guin,"Guin, Ursula K. Le",,"=""0553383043""","=""9780553383041""",3,3.99,,Paperback,183,2004,1968,,2017/12/31,,,read,,,,1,,,0,,,,,
774846,The Great God Pan,Arthur Machen,"Machen, Arthur",,"=""1871592119""","=""9781871592115""",3,3.71,Creation Books,Paperback,82,1995,1890,,2017/12/31,,,read,,,,1,,,0,,,,,
84369,"The Last Battle (Chronicles of Narnia, #7)",C.S. Lewis,"Lewis, C.S.",,"=""0007202326""","=""9780007202324""",3,4.01,HarperCollins Publishers,Paperback,288,2005,1956,,2017/12/31,,,read,,,,1,,,0,,,,,
65641,"The Silver Chair (Chronicles of Narnia, #4)",C.S. Lewis,"Lewis, C.S.",Pauline Baynes,"=""""","=""""",2,3.95,HarperCollins,Paperback,243,2008,1953,,2017/12/31,,,read,,,,1,,,0,,,,,
140225,"The Voyage of the Dawn Treader (Chronicles of Narnia, #3)",C.S. Lewis,"Lewis, C.S.",Pauline Baynes,"=""006112527X""","=""9780061125270""",3,4.08,HarperCollins,Hardcover,248,2006,1952,,2017/12/31,,,read,,,,1,,,0,,,,,
121749,"Prince Caspian (Chronicles of Narnia, #2)",C.S. Lewis,"Lewis, C.S.",,"=""000720230X""","=""9780007202300""",3,3.97,HarperCollins Publishers,Hardcover,240,2005,1951,,2017/12/31,,,read,,,,1,,,0,,,,,
84119,"The Horse and His Boy (Chronicles of Narnia, #5)",C.S. Lewis,"Lewis, C.S.",,"=""0439861365""","=""9780439861366""",3,3.91,Scholastic Inc,Paperback,224,1995,1954,,2017/12/31,,,read,,,,1,,,0,,,,,
100915,"The Lion, the Witch and the Wardrobe (Chronicles of Narnia, #1)",C.S. Lewis,"Lewis, C.S.",,"=""""","=""""",3,4.22,HarperCollins Publishers,Paperback,206,2005,1950,,2017/12/31,,,read,,,,1,,,0,,,,,
65605,"The Magician's Nephew (Chronicles of Narnia, #6)",C.S. Lewis,"Lewis, C.S.",,"=""0060764902""","=""9780060764906""",2,4.04,HarperCollins Publishers,Paperback,221,2005,1955,,2017/12/31,,,read,,,,1,,,0,,,,,
16219704,JavaScript and jQuery: Interactive Front-End Web Development,Jon Duckett,"Duckett, Jon",,"=""1118531647""","=""9781118531648""",4,4.31,Wiley,Paperback,640,2014,2013,,2017/12/31,,,read,,,,1,,,0,,,,,
10361330,HTML and CSS: Design and Build Websites,Jon Duckett,"Duckett, Jon",,"=""1118008189""","=""9781118008188""",5,4.32,Wiley,Paperback,514,2011,2011,,2017/12/31,,,read,,,,1,,,0,,,,,
785092,Secrets of the Millionaire Mind: Mastering the Inner Game of Wealth,T. Harv Eker,"Eker, T. Harv",,"=""0060763280""","=""9780060763282""",4,4.19,Harper Collins Business,Hardcover,212,2005,1999,,2017/12/31,,,read,,,,1,,,0,,,,,
59779,The Castle of Crossed Destinies,Italo Calvino,"Calvino, Italo",,"=""""","=""""",3,3.49,Vintage Classics,Paperback,144,1997,1973,,2017/12/31,,,read,,,,1,,,0,,,,,
20764879,"A Gathering of Shadows (Shades of Magic, #2)",V.E. Schwab,"Schwab, V.E.",,"=""0765376474""","=""9780765376473""",3,4.24,Tor Books,Hardcover,512,2016,2016,,2017/12/31,,,read,,,,1,,,0,,,,,
22055262,"A Darker Shade of Magic (Shades of Magic, #1)",V.E. Schwab,"Schwab, V.E.",,"=""0765376458""","=""9780765376459""",4,4.07,Tor Books,Hardcover,400,2015,2015,,2017/12/31,,,read,,,,1,,,0,,,,,
19380,Candide,Voltaire,"Voltaire, Voltaire","伏尔泰, Sara Gioacchino Corcos","=""0486266893""","=""9780486266893""",3,3.77,Dover Publications,Paperback,129,1991,1759,,2017/12/31,,,read,,,,1,,,0,,,,,
22446,Book of Lies: The Disinformation Guide to Magick and the Occult,Richard Metzger,"Metzger, Richard","Grant Morrison, Michael Moynihan, Tracy R. Twyman, Vere C. Chappell, Mark Pesce, Genesis P-Orridge, Paul Laffoley, Daniel Pinchbeck, Nevill Drury, Donald Tyson, Erik Davis","=""097139427X""","=""9780971394278""",3,4.05,Disinformation Books,Paperback,352,2008,2003,,2017/12/31,,,read,,,,1,,,0,,,,,
342183,The Picture of Dorian Gray / The Decay of Lying,Oscar Wilde,"Wilde, Oscar",,"=""2843042933""","=""9782843042935""",2,4.29,Editions Zulma,Paperback,,2005,1890,,2017/12/31,,,read,,,,1,,,0,,,,,
304253,The Pastel City,M. John Harrison,"Harrison, M. John",,"=""0385082630""","=""9780385082631""",2,3.76,"Doubleday & Company, Inc.",Hardcover,158,1972,1971,,2017/12/31,,,read,,,,1,,,0,,,,,
2547,The Prophet,Kahlil Gibran,"Gibran, Kahlil",,"=""000100039X""","=""9780001000391""",3,4.22,Rupa & Co,Paperback,127,2010,1923,,2017/12/31,,,read,,,,1,,,0,,,,,
10285181,"Lord of Souls (The Elder Scrolls, #2)",Greg Keyes,"Keyes, Greg",J. Gregory Keyes,"=""0345508025""","=""9780345508027""",2,3.72,Del Rey Books,Paperback,316,2011,2011,,2017/12/31,,,read,,,,1,,,0,,,,,
6488043,The Infernal City (The Elder Scrolls #1),Greg Keyes,"Keyes, Greg",J. Gregory Keyes,"=""0345508017""","=""9780345508010""",2,3.47,Del Rey,Paperback,304,2009,2009,,2017/12/31,,,read,,,,1,,,0,,,,,
23129410,"Welcome to Night Vale (Welcome to Night Vale, #1)",Joseph Fink,"Fink, Joseph",Jeffrey Cranor,"=""0062351427""","=""9780062351425""",4,3.82,Harper Perennial,Hardcover,401,2015,2015,,2017/12/31,,,read,,,,1,,,0,,,,,
48654,"Story: Substance, Structure, Style, and the Principles of Screenwriting",Robert McKee,"McKee, Robert",,"=""0060391685""","=""9780060391683""",4,4.27,It Books,Hardcover,466,1997,1997,,2017/12/31,,,read,,,,1,,,0,,,,,
227463,A Clockwork Orange,Anthony Burgess,"Burgess, Anthony",,"=""""","=""""",3,4.00,W. W. Norton & Company,Paperback,192,1986,1962,,2017/12/31,,,read,,,,1,,,0,,,,,
18290401,Show Your Work!: 10 Ways to Share Your Creativity and Get Discovered,Austin Kleon,"Kleon, Austin",,"=""076117897X""","=""9780761178972""",5,4.10,Workman Publishing Company,Paperback,215,2014,2014,,2017/12/31,,,read,,,,1,,,0,,,,,
13099738,Steal Like an Artist: 10 Things Nobody Told You About Being Creative,Austin Kleon,"Kleon, Austin",,"=""0761169253""","=""9780761169253""",5,3.94,Workman Publishing Company,Paperback,160,2012,2012,,2017/12/31,,,read,,,,1,,,0,,,,,
24693052,The Steal Like an Artist Journal: A Notebook for Creative Kleptomaniacs,Austin Kleon,"Kleon, Austin",,"=""0761185682""","=""9780761185680""",3,4.21,Workman Publishing Company,Paperback,224,2015,2015,,2017/12/31,,,read,,,,1,,,0,,,,,
6612726,Newspaper Blackout,Austin Kleon,"Kleon, Austin",,"=""0061732974""","=""9780061732973""",3,3.92,Harper Perennial,Paperback,173,2010,2010,,2017/12/31,,,read,,,,1,,,0,,,,,
32277642,The King in Yellow,Robert W. Chambers,"Chambers, Robert W.",,"=""153905344X""","=""9781539053446""",3,3.51,Createspace Independent Publishing Platform,Paperback,224,2016,1895,,2017/12/31,,,read,,,,1,,,0,,,,,
34629286,The Crow,Edgar Allan Poe,"Poe, Edgar Allan",,"=""""","=""""",4,4.00,Prabhat Prakashan,Kindle Edition,20,,,,2017/12/31,,,read,,,,1,,,0,,,,,
11851522,The Complete Works of H.P. Lovecraft,H.P. Lovecraft,"Lovecraft, H.P.",,"=""""","=""""",5,4.35,CthulhuChick.com,Kindle Edition,811,2011,1978,,2017/12/31,,,read,,,,1,,,0,,,,,
32767,At the Mountains of Madness,H.P. Lovecraft,"Lovecraft, H.P.","China Miéville, S.T. Joshi","=""0812974417""","=""9780812974416""",4,3.85,The Modern Library,Paperback,194,2005,1931,,2017/12/31,,,read,,,,1,,,0,,,,,
160149,The Call of Cthulhu and Other Weird Stories,H.P. Lovecraft,"Lovecraft, H.P.",S.T. Joshi,"=""0141182342""","=""9780141182346""",4,4.19,Penguin Classics,Paperback,420,1999,1926,,2017/12/31,,,read,,,,1,,,0,,,,,
433567,Flatland: A Romance of Many Dimensions,Edwin A. Abbott,"Abbott, Edwin A.","Banesh Hoffmann, Masolino D'Amico, Giorgio Manganelli","=""048627263X""","=""9780486272634""",5,3.81,"Dover Publications, Inc.",Paperback,96,1992,1884,,2017/12/31,,,read,,,,1,,,0,,,,,
256598,"Curse of the Bane (The Last Apprentice / Wardstone Chronicles, #2)",Joseph Delaney,"Delaney, Joseph",Patrick  Arrasmith,"=""0060766212""","=""9780060766214""",2,4.12,Greenwillow Books,Hardcover,480,2006,2005,,2017/12/31,,,read,,,,1,,,0,,,,,
298567,"Revenge of the Witch (The Last Apprentice / Wardstone Chronicles, #1)",Joseph Delaney,"Delaney, Joseph",Patrick  Arrasmith,"=""0060766204""","=""9780060766207""",3,4.00,Harper Trophy,Paperback,344,2006,2004,,2017/12/31,,,read,,,,1,,,0,,,,,
6395833,Guts,Chuck Palahniuk,"Palahniuk, Chuck",,"=""""","=""""",3,3.87,,,16,,2004,,2017/12/31,,,read,,,,1,,,0,,,,,
17262208,"Doomed (Damned, #2)",Chuck Palahniuk,"Palahniuk, Chuck",,"=""0385533039""","=""9780385533034""",3,3.30,Doubleday,Hardcover,336,2013,2013,,2017/12/31,,,read,,,,1,,,0,,,,,
9912994,"Damned (Damned, #1)",Chuck Palahniuk,"Palahniuk, Chuck",,"=""0385671105""","=""9780385671101""",4,3.39,Doubleday Canada,Hardcover,256,2011,2011,,2017/12/31,,,read,,,,1,,,0,,,,,
5759,Fight Club,Chuck Palahniuk,"Palahniuk, Chuck",,"=""0393327345""","=""9780393327342""",4,4.18,W.W. Norton & Company (NYC),Paperback,218,2005,1996,,2017/12/31,,,read,,,,1,,,0,,,,,
19523454,Beautiful You,Chuck Palahniuk,"Palahniuk, Chuck",,"=""0385538030""","=""9780385538039""",1,3.02,Doubleday,Hardcover,240,2014,2014,,2017/12/31,,,read,,,,1,,,0,,,,,
69571,"Rich Dad, Poor Dad",Robert T. Kiyosaki,"Kiyosaki, Robert T.",Sharon L. Lechter,"=""0751532711""","=""9780751532715""",4,4.10,Time Warner Books UK,Paperback,195,2007,1997,,2017/12/31,,,read,,,,1,,,0,,,,,
5481,Brave New World Revisited,Aldous Huxley,"Huxley, Aldous",,"=""0060898526""","=""9780060898526""",4,3.95,Harper Perennial Modern Classics,Paperback,123,2006,1958,,2017/12/31,,,read,,,,1,,,0,,,,,
10534,The Art of War,Sun Tzu,"Tzu, Sun","Thomas Cleary, Pulat Otkan","=""""","=""""",3,3.97,Harper Press,Paperback,273,2005,-500,,2017/12/31,,,read,,,,1,,,0,,,,,
11573,The Dead Zone,Stephen King,"King, Stephen",,"=""0451155750""","=""9780451155757""",3,3.94,Signet/New American Library,Mass Market Paperback,402,1980,1979,,2017/12/31,,,read,,,,1,,,0,,,,,
467770,Man's Worldly Goods: The Story of the Wealth of Nations,Leo Huberman,"Huberman, Leo",,"=""1406798207""","=""9781406798203""",4,4.28,Hesperides Press,Paperback,368,2006,1936,,2017/12/31,,,read,,,,1,,,0,,,,,
6892870,"The Girl Who Kicked the Hornet's Nest (Millennium, #3)",Stieg Larsson,"Larsson, Stieg",Reg Keeland,"=""030726999X""","=""9780307269997""",4,4.22,Knopf,Hardcover,566,2010,2007,,2017/12/31,,,read,,,,1,,,0,,,,,
5060378,"The Girl Who Played with Fire (Millennium, #2)",Stieg Larsson,"Larsson, Stieg",Reg Keeland,"=""0307269981""","=""9780307269980""",4,4.24,Alfred A. Knopf,Hardcover,503,2009,2006,,2017/12/31,,,read,,,,1,,,0,,,,,
10569,On Writing: A Memoir of the Craft,Stephen King,"King, Stephen",,"=""0743455967""","=""9780743455961""",5,4.32,Pocket Books,Mass Market Paperback,320,2002,2000,,2017/12/31,,,read,,,,1,,,0,,,,,
10592,Carrie,Stephen King,"King, Stephen",Sissy Spacek,"=""1416524304""","=""9781416524304""",3,3.97,Pocket Books,Mass Market Paperback,253,2005,1974,,2017/12/31,,,read,,,,1,,,0,,,,,
11588,The Shining,Stephen King,"King, Stephen",,"=""0450040186""","=""9780450040184""",3,4.24,New English Library (Hodder & Stoughton) ,Paperback,659,1980,1977,,2017/12/31,,,read,,,,1,,,0,,,,,
60198,The Crimes of Love,Marquis de Sade,"Sade, Marquis de",David Coward,"=""019280507X""","=""9780192805072""",3,3.54,"Oxford University Press, USA",Paperback,388,2005,1799,,2017/12/31,,,read,,,,1,,,0,,,,,
796267,"Justine, o los infortunios de la virtud",Marquis de Sade,"Sade, Marquis de","Hollibooks, Andrea Gouveia, Eleanor K. Smith","=""950877035X""","=""9789508770356""",4,3.42,AC,Paperback,264,2003,1787,,2017/12/31,,,read,,,,1,,,0,,,,,
29844228,Thirteen Reasons Why,Jay Asher,"Asher, Jay",,"=""1595147888""","=""9781595147882""",2,3.88,Razorbill,Hardcover,352,2016,2007,,2017/12/31,,,read,,,,1,,,0,,,,,
21535271,"The Slow Regard of Silent Things (The Kingkiller Chronicle, #2.5)",Patrick Rothfuss,"Rothfuss, Patrick",Nate  Taylor,"=""0756410436""","=""9780756410438""",2,3.89,DAW Books,Hardcover,159,2014,2014,,2017/12/31,,,read,,,,1,,,0,,,,,
1215032,"The Wise Man's Fear (The Kingkiller Chronicle, #2)",Patrick Rothfuss,"Rothfuss, Patrick",,"=""0756404738""","=""9780756404734""",5,4.54,DAW Books,Hardcover,994,2011,2011,,2017/12/31,,,read,,,,1,,,0,,,,,
8385426,Dracula,Bram Stoker,"Stoker, Bram","Scott McKowen, Arthur Pober","=""1402773242""","=""9781402773242""",3,4.00,Union Square Kids,Hardcover,412,2010,1897,,2017/12/31,,,read,,,,1,,,0,,,,,
887877,"Red Seas Under Red Skies (Gentleman Bastard, #2)",Scott Lynch,"Lynch, Scott",,"=""0553804685""","=""9780553804683""",5,4.23,Bantam Spectra,Hardcover,558,2007,2007,,2017/12/31,,,read,,,,1,,,0,,,,,
25394440,"Warriors of the Storm (The Saxon Stories, #9)",Bernard Cornwell,"Cornwell, Bernard",,"=""0007504071""","=""9780007504077""",3,4.41,HarperCollins,Hardcover,298,2015,2015,,2017/12/31,,,read,,,,1,,,0,,,,,
21045103,"The Empty Throne (The Saxon Stories, #8)",Bernard Cornwell,"Cornwell, Bernard",,"=""0007504179""","=""9780007504176""",4,4.35,HarperCollins,Paperback,302,2014,2014,,2017/12/31,,,read,,,,1,,,0,,,,,
6489529,"The Burning Land (The Saxon Stories, #5)",Bernard Cornwell,"Cornwell, Bernard",,"=""000721975X""","=""9780007219759""",3,4.29,HarperCollins,Paperback,336,2009,2009,,2017/12/31,,,read,,,,1,,,0,,,,,
11734251,"Death of Kings (The Saxon Stories, #6)",Bernard Cornwell,"Cornwell, Bernard",,"=""0007331789""","=""9780007331789""",4,4.29,HarperCollins,Hardcover,335,2011,2011,,2017/12/31,,,read,,,,1,,,0,,,,,
17853024,"The Pagan Lord (The Saxon Stories, #7)",Bernard Cornwell,"Cornwell, Bernard",,"=""0007331908""","=""9780007331901""",4,4.33,Harper Collins,Hardcover,303,2013,2013,,2017/12/31,,,read,,,,1,,,0,,,,,
1297150,"Sword Song (The Saxon Stories, #4)",Bernard Cornwell,"Cornwell, Bernard",,"=""0060888644""","=""9780060888640""",3,4.29,Harper,Hardcover,336,2008,2007,,2017/12/31,,,read,,,,1,,,0,,,,,
68526,"Lords of the North (The Saxon Stories, #3)",Bernard Cornwell,"Cornwell, Bernard",,"=""0060888628""","=""9780060888626""",4,4.33,Harper,Hardcover,317,2007,2006,,2017/12/31,,,read,,,,1,,,0,,,,,
68528,"The Pale Horseman (The Saxon Stories, #2)",Bernard Cornwell,"Cornwell, Bernard",,"=""0061144835""","=""9780061144837""",4,4.28,Harper Paperbacks,Paperback,384,2006,2005,,2017/12/31,,,read,,,,1,,,0,,,,,
68527,"The Last Kingdom (The Saxon Stories, #1)",Bernard Cornwell,"Cornwell, Bernard",,"=""0060887184""","=""9780060887186""",4,4.24,Harper Paperbacks,Paperback,351,2006,2004,,2017/12/31,,,read,,,,1,,,0,,,,,
8737174,"The Last Four Things (The Left Hand of God, #2)",Paul  Hoffman,"Hoffman, Paul",,"=""0718155211""","=""9780718155216""",1,3.53,Michael Joseph,Hardcover,422,2011,2011,,2017/12/31,,,read,,,,1,,,0,,,,,
7116709,"The Left Hand of God (The Left Hand of God, #1)",Paul  Hoffman,"Hoffman, Paul",,"=""0718155181""","=""9780718155186""",1,3.65,Michael Joseph,Hardcover,436,2010,2010,,2017/12/31,,,read,,,,1,,,0,,,,,
62291,"A Storm of Swords (A Song of Ice and Fire, #3)",George R.R. Martin,"Martin, George R.R.",,"=""055357342X""","=""9780553573428""",1,4.53,Bantam,Mass Market Paperback,1177,2003,2000,,2017/12/31,,,read,,,,1,,,0,,,,,
10572,"A Clash of Kings  (A Song of Ice and Fire, #2)",George R.R. Martin,"Martin, George R.R.",,"=""0553381695""","=""9780553381696""",2,4.41,Bantam,Paperback,969,2002,1998,,2017/12/31,,,read,,,,1,,,0,,,,,
16279856,"The Eye of Minds (The Mortality Doctrine, #1)",James Dashner,"Dashner, James",,"=""0385741391""","=""9780385741392""",2,3.85,Delacorte Books for Young Readers,Hardcover,308,2013,2013,,2017/12/31,,,read,,,,1,,,0,,,,,
17700320,"The Rule of Thoughts (The Mortality Doctrine, #2)",James Dashner,"Dashner, James",,"=""0385741413""","=""9780385741415""",2,3.97,Delacorte Press,Hardcover,336,2014,2014,,2017/12/31,,,read,,,,1,,,0,,,,,
7864437,"The Death Cure (The Maze Runner, #3)",James Dashner,"Dashner, James",,"=""0385738773""","=""9780385738774""",3,3.78,Delacorte Books for Young Readers,Hardcover,325,2011,2011,,2017/12/31,,,read,,,,1,,,0,,,,,
7631105,"The Scorch Trials (The Maze Runner, #2)",James Dashner,"Dashner, James",,"=""0385738757""","=""9780385738750""",3,3.90,Delacorte Press,Hardcover,362,2010,2010,,2017/12/31,,,read,,,,1,,,0,,,,,
6186357,"The Maze Runner (The Maze Runner, #1)",James Dashner,"Dashner, James",,"=""0385737947""","=""9780385737944""",4,4.04,Delacorte Press,Hardcover,384,2009,2009,,2017/12/31,,,read,,,,1,,,0,,,,,
39999,The Boy in the Striped Pajamas,John Boyne,"Boyne, John",,"=""""","=""""",4,4.16,David Fickling Books,Hardcover,240,2006,2006,,2017/12/31,,,read,,,,1,,,0,,,,,
5886881,Dark Places,Gillian Flynn,"Flynn, Gillian",,"=""0307341569""","=""9780307341563""",4,3.94,Shaye Areheart Books,Hardcover,349,2009,2009,,2017/12/31,,,read,,,,1,,,0,,,,,
19288043,Gone Girl,Gillian Flynn,"Flynn, Gillian",,"=""""","=""""",5,4.10,Broadway Books,Paperback,415,2014,2012,,2017/12/31,,,read,,,,1,,,0,,,,,
6411961,"The Lost Symbol (Robert Langdon, #3)",Dan Brown,"Brown, Dan",,"=""0385504225""","=""9780385504225""",2,3.73,Doubleday,Hardcover,509,2009,2009,,2017/12/31,,,read,,,,1,,,0,,,,,
17212231,"Inferno (Robert Langdon, #4)",Dan Brown,"Brown, Dan",,"=""0385537859""","=""9780385537858""",2,3.87,Doubleday,Hardcover,463,2013,2013,,2017/12/31,,,read,,,,1,,,0,,,,,
968,"The Da Vinci Code (Robert Langdon, #2)",Dan Brown,"Brown, Dan",,"=""""","=""""",1,3.88,Anchor,Paperback,489,2006,2003,,2017/12/31,,,read,,,,1,,,0,,,,,
960,"Angels & Demons (Robert Langdon, #1)",Dan Brown,"Brown, Dan",,"=""1416524797""","=""9781416524793""",3,3.92,Pocket Books,Mass Market Paperback,736,2006,2000,,2017/12/31,,,read,,,,1,,,0,,,,,
16303287,The Bane Chronicles,Cassandra Clare,"Clare, Cassandra","Sarah Rees Brennan, Maureen Johnson, Cassandra Jean","=""1442495995""","=""9781442495999""",2,4.12,Margaret K. McElderry Books,Hardcover,507,2014,2014,,2017/12/31,,,read,,,,1,,,0,,,,,
8755785,"City of Heavenly Fire (The Mortal Instruments, #6)",Cassandra Clare,"Clare, Cassandra",,"=""1481426303""","=""9781481426305""",3,4.39,Margaret K. McElderry Books,Hardcover,725,2014,2014,,2017/12/31,,,read,,,,1,,,0,,,,,
18335634,"Clockwork Princess (The Infernal Devices, #3)",Cassandra Clare,"Clare, Cassandra",,"=""1406321346""","=""9781406321340""",3,4.55,Walker Books Ltd,Paperback,567,2013,2013,,2017/12/31,,,read,,,,1,,,0,,,,,
10025305,"Clockwork Prince (The Infernal Devices, #2)",Cassandra Clare,"Clare, Cassandra",,"=""1416975888""","=""9781416975885""",3,4.42,Margaret K. McElderry Books,Hardcover,498,2011,2011,,2017/12/31,,,read,,,,1,,,0,,,,,
8755776,"City of Lost Souls (The Mortal Instruments, #5)",Cassandra Clare,"Clare, Cassandra",,"=""1442416866""","=""9781442416864""",2,4.23,Margaret K. McElderry Books,Hardcover,535,2012,2012,,2017/12/31,,,read,,,,1,,,0,,,,,
6752378,"City of Fallen Angels (The Mortal Instruments, #4)",Cassandra Clare,"Clare, Cassandra",,"=""1442403543""","=""9781442403543""",2,4.09,Margaret K. McElderry Books,Hardcover,425,2011,2011,,2017/12/31,,,read,,,,1,,,0,,,,,
1582996,"City of Ashes (The Mortal Instruments, #2)",Cassandra Clare,"Clare, Cassandra",,"=""1416914293""","=""9781416914297""",2,4.13,Margaret K. McElderry Books,Hardcover,453,2008,2008,,2017/12/31,,,read,,,,1,,,0,,,,,
3777732,"City of Glass (The Mortal Instruments, #3)",Cassandra Clare,"Clare, Cassandra",,"=""1416914307""","=""9781416914303""",2,4.29,Margaret K. McElderry Books,Hardcover,541,2009,2009,,2017/12/31,,,read,,,,1,,,0,,,,,
7171637,"Clockwork Angel (The Infernal Devices, #1)",Cassandra Clare,"Clare, Cassandra",,"=""1416975861""","=""9781416975861""",3,4.31,Margaret K. McElderry Books,Hardcover,479,2010,2010,,2017/12/31,,,read,,,,1,,,0,,,,,
256683,"City of Bones (The Mortal Instruments, #1)",Cassandra Clare,"Clare, Cassandra",,"=""1416914285""","=""9781416914280""",3,4.08,Margaret K. McElderry Books,Hardcover,485,2007,2007,,2017/12/31,,,read,,,,1,,,0,,,,,
33396914,"Assassin's Quest (Farseer Trilogy, #3)",Robin Hobb,"Hobb, Robin",,"=""""","=""""",4,4.18,Spectra,Kindle Edition,757,2002,1997,,2017/12/31,,,read,,,,1,,,0,,,,,
77197,"Assassin's Apprentice (Farseer Trilogy, #1)",Robin Hobb,"Hobb, Robin",,"=""055357339X""","=""9780553573398""",4,4.16,Spectra Books,Mass Market Paperback,435,1996,1995,,2017/12/31,,,read,,,,1,,,0,,,,,
25300956,"Royal Assassin (Farseer Trilogy, #2)",Robin Hobb,"Hobb, Robin",,"=""""","=""""",4,4.23,Spectra,Kindle Edition,675,2002,1996,,2017/12/31,,,read,,,,1,,,0,,,,,
9361589,The Night Circus,Erin Morgenstern,"Morgenstern, Erin",,"=""0385534635""","=""9780385534635""",3,4.03,Doubleday,Hardcover,387,2011,2011,,2017/12/31,,,read,,,,1,,,0,,,,,
68427,"Elantris (Elantris, #1)",Brandon Sanderson,"Sanderson, Brandon",,"=""0765350378""","=""9780765350374""",3,4.18,Tor Fantasy,Mass Market Paperback,622,2006,2005,,2017/12/31,,,read,,,,1,,,0,,,,,
2890090,"The Republic of Thieves (Gentleman Bastard, #3)",Scott Lynch,"Lynch, Scott",,"=""0553804693""","=""9780553804690""",5,4.20,Del Rey,Hardcover,650,2013,2013,,2017/12/31,,,read,,,,1,,,0,,,,,
13496,"A Game of Thrones (A Song of Ice and Fire, #1)",George R.R. Martin,"Martin, George R.R.",,"=""0553588486""","=""9780553588484""",3,4.44,Bantam,Mass Market Paperback,835,2005,1996,,2017/12/31,,,read,,,,1,,,0,,,,,
